Awards,Host,Nickname,Year,Title,Team,Students,Slides,Write_ups,Video,Codes
NA,Arizona State University,ASU,2017,,,,https://github.com/mine-cetinkaya-rundel/asa-datafest-dashboard/raw/main/data/past_winners/NA.pdf,NA,NA,
Best Business Insight,Arizona State University,ASU,2018,Visualizing Job Growth in Industries Over Time: a Shiny and Leaflet Application in R,M&M,"Miriam Goldman, Megan Woodyard",https://github.com/mine-cetinkaya-rundel/asa-datafest-dashboard/raw/main/data/past_winners/2018_ASU_Other_1.pdf,NA,NA,
BestVisualization,Arizona State University,ASU,2018,,Average,"Gabriel Clonts, Christine Liu, Mehdi Moustaoui, Alexandra Ryazanova",https://github.com/mine-cetinkaya-rundel/asa-datafest-dashboard/raw/main/data/past_winners/2018_ASU_BestVisualization.pdf,NA,NA,
Best In Show,Arizona State University,ASU,2018,The Best States to Find A Job &The Most Suitable Jobs For You,Panda,"Jinxin Hu, Xiaoyu Zhu, Zihan Wei, Lun Sai",https://github.com/mine-cetinkaya-rundel/asa-datafest-dashboard/raw/main/data/past_winners/2018_ASU_Other_2.pdf,NA,NA,
Best In Show,Arizona State University,ASU,2018,"Best Job Locationbased on cost of living, median income, and job demand",THE Initiative,"Allison Maney, Sean Wetle, Rachel Wetle, Dan Petty",https://github.com/mine-cetinkaya-rundel/asa-datafest-dashboard/raw/main/data/past_winners/2018_ASU_Other_3.pdf,NA,NA,
BestUseOfExternalData,Arizona State University,ASU,2018,Clicks for the job,3df,"Chasah Irmawati, El-ham Ismail",https://github.com/mine-cetinkaya-rundel/asa-datafest-dashboard/raw/main/data/past_winners/2018_ASU_BestUseOfExternalData.pdf,NA,NA,
BestInsight,Arizona State University,ASU,2019,Optimizing Rugby Training Under Fatigue,Data Me Down,"Justin Ferrara, Nomith Murari, Farhan Khera",https://github.com/mine-cetinkaya-rundel/asa-datafest-dashboard/raw/main/data/past_winners/2019_ASU_BestInsight.pdf,NA,NA,
Best In Show,Arizona State University,ASU,2019, Optimizing Objective Performance with Wellness Indicators,The Brogrammers," Alex Almeida, Bryson Gregory, Troy Gilchrist, Benjamin Jones, Justin Fink",https://github.com/mine-cetinkaya-rundel/asa-datafest-dashboard/raw/main/data/past_winners/2019_ASU_Other_1.pdf,NA,NA,
BestVisualization,Arizona State University,ASU,2019,,Data TheraPy,"Sachit Gulati, Prakshal Jain, Charly McCown, Dan Petty",https://github.com/mine-cetinkaya-rundel/asa-datafest-dashboard/raw/main/data/past_winners/2019_ASU_BestVisualization.pdf,NA,NA,
BestUseOfExternalData,Arizona State University,ASU,2019,Results of Logistic Regression for Pain,Datamax,"Oscar Goodloe, Manuel Sandoval Madrigal, Joshua Pata",https://github.com/mine-cetinkaya-rundel/asa-datafest-dashboard/raw/main/data/past_winners/2019_ASU_BestUseOfExternalData.pdf,NA,NA,
NA,Arizona State University,ASU,2020,,,,https://github.com/mine-cetinkaya-rundel/asa-datafest-dashboard/raw/main/data/past_winners/2020_ASU_NA.pdf,NA,NA,
BestInsight,Arizona State University,ASU,2021,RISK FACTORS ASSOCIATED WITH DRUG MISUSE & FEATURE REDUCTION,Surprised Pikachu,,https://github.com/mine-cetinkaya-rundel/asa-datafest-dashboard/raw/main/data/past_winners/2021_ASU_BestInsight.pdf,NA,NA,
BestVisualization,Arizona State University,ASU,2021,Investigating Indicators of High Non-Medical Drug Use Among the United States Indigenous Populations,The Outliers,"Abrielle Agron, Joseph Barr, Nick Mortimore, Tyrus E. Nelson, Linh Ta",https://github.com/mine-cetinkaya-rundel/asa-datafest-dashboard/raw/main/data/past_winners/2021_ASU_BestVisualization.pdf,NA,NA,
BestUseOfExternalData,Arizona State University,ASU,2021,Drug Misuse Exploration,Exploratory,"Andre Williams, Rebecca Martin, Cindy Lu Miranda",https://github.com/mine-cetinkaya-rundel/asa-datafest-dashboard/raw/main/data/past_winners/2021_ASU_BestUseOfExternalData.pdf,NA,NA,
Best Use of Machine Learning,Arizona State University,ASU,2021,Textual Alysis of Non-prescription Drug Misuse by Age Group,Lasag,,https://github.com/mine-cetinkaya-rundel/asa-datafest-dashboard/raw/main/data/past_winners/2021_ASU_Other_1.pdf,NA,NA,
Broadest Data Analysis,Arizona State University,ASU,2021, Cracking the Code on Codeine,Devils,,https://github.com/mine-cetinkaya-rundel/asa-datafest-dashboard/raw/main/data/past_winners/2021_ASU_Other_2.pdf,NA,NA,
BestInsight,Arizona State University,ASU,2022,"WE'RE SKEWED, MINIGAME 2 IS SKEWED, WE'RE ALL SKEWED!",Were Skewed,"Colleen Ung, Jayden Chrzanowski, Ryn Huesgen, Mila Marshall, and Samuel Northam",https://github.com/mine-cetinkaya-rundel/asa-datafest-dashboard/raw/main/data/past_winners/2022_ASU_BestInsight.pdf,NA,NA,
BestVisualization,Arizona State University,ASU,2022,No Pi Charts,Team 05,"Sayyed Faraz, Mohseni Magnus, Magnusson Lane, Robert Lewis, Akash Satpathy, Gary Bales",https://github.com/mine-cetinkaya-rundel/asa-datafest-dashboard/raw/main/data/past_winners/2022_ASU_BestVisualization.pdf,NA,NA,
BestUseOfExternalData,Arizona State University,ASU,2022,,Team 14,"Vishesh Kumar, Chloe Cobb, Hanh Nguyen, Justin Jin",https://github.com/mine-cetinkaya-rundel/asa-datafest-dashboard/raw/main/data/past_winners/2022_ASU_BestUseOfExternalData.pdf,NA,NA,
Judge's Choice,Arizona State University,ASU,2022,ASU DataFest 2022 Fil Report,Codechella,,https://github.com/mine-cetinkaya-rundel/asa-datafest-dashboard/raw/main/data/past_winners/2022_ASU_Other_1.pdf,NA,NA,
Judge's Choice,Arizona State University,ASU,2022,Alysis of S5 Scores & Other In-Game Trends,,"Hector Beltran, Sean Peck-Collier, Alexandru Folta, Hari Krishn, Michelle Solorio ",https://github.com/mine-cetinkaya-rundel/asa-datafest-dashboard/raw/main/data/past_winners/2022_ASU_Other_2.pdf,NA,NA,
NA,Australian National University,NA,2017,,,,https://github.com/mine-cetinkaya-rundel/asa-datafest-dashboard/raw/main/data/past_winners/2017__NA.pdf,NA,NA,
NA,Australian National University,NA,2018,,,,https://github.com/mine-cetinkaya-rundel/asa-datafest-dashboard/raw/main/data/past_winners/2018__NA.pdf,NA,NA,
NA,Australian National University,NA,2019,,,,https://github.com/mine-cetinkaya-rundel/asa-datafest-dashboard/raw/main/data/past_winners/2019__NA.pdf,NA,NA,
NA,Australian National University,NA,2020,,,,https://github.com/mine-cetinkaya-rundel/asa-datafest-dashboard/raw/main/data/past_winners/2020__NA.pdf,NA,NA,
NA,Australian National University,NA,2021,,,,https://github.com/mine-cetinkaya-rundel/asa-datafest-dashboard/raw/main/data/past_winners/2021__NA.pdf,NA,NA,
NA,Australian National University,NA,2022,,,,https://github.com/mine-cetinkaya-rundel/asa-datafest-dashboard/raw/main/data/past_winners/2022__NA.pdf,NA,NA,
NA,Brown University,NA,2011,,,,https://github.com/mine-cetinkaya-rundel/asa-datafest-dashboard/raw/main/data/past_winners/2011__NA.pdf,NA,NA,
NA,Brown University,NA,2012,,,,https://github.com/mine-cetinkaya-rundel/asa-datafest-dashboard/raw/main/data/past_winners/2012__NA.pdf,NA,NA,
NA,Brown University,NA,2013,,,,https://github.com/mine-cetinkaya-rundel/asa-datafest-dashboard/raw/main/data/past_winners/2013__NA.pdf,NA,NA,
NA,Brown University,NA,2014,,,,https://github.com/mine-cetinkaya-rundel/asa-datafest-dashboard/raw/main/data/past_winners/2014__NA.pdf,NA,NA,
NA,Brown University,NA,2015,,,,https://github.com/mine-cetinkaya-rundel/asa-datafest-dashboard/raw/main/data/past_winners/2015__NA.pdf,NA,NA,
NA,Brown University,NA,2016,,,,https://github.com/mine-cetinkaya-rundel/asa-datafest-dashboard/raw/main/data/past_winners/2016__NA.pdf,NA,NA,
NA,Brown University,NA,2017,,,,https://github.com/mine-cetinkaya-rundel/asa-datafest-dashboard/raw/main/data/past_winners/2017__NA.pdf,NA,NA,
NA,Case Western Reserve University,NA,2011,,,,https://github.com/mine-cetinkaya-rundel/asa-datafest-dashboard/raw/main/data/past_winners/2011__NA.pdf,NA,NA,
NA,Case Western Reserve University,NA,2012,,,,https://github.com/mine-cetinkaya-rundel/asa-datafest-dashboard/raw/main/data/past_winners/2012__NA.pdf,NA,NA,
NA,Case Western Reserve University,NA,2013,,,,https://github.com/mine-cetinkaya-rundel/asa-datafest-dashboard/raw/main/data/past_winners/2013__NA.pdf,NA,NA,
NA,Case Western Reserve University,NA,2014,,,,https://github.com/mine-cetinkaya-rundel/asa-datafest-dashboard/raw/main/data/past_winners/2014__NA.pdf,NA,NA,
NA,Case Western Reserve University,NA,2015,,,,https://github.com/mine-cetinkaya-rundel/asa-datafest-dashboard/raw/main/data/past_winners/2015__NA.pdf,NA,NA,
NA,Case Western Reserve University,NA,2016,,,,https://github.com/mine-cetinkaya-rundel/asa-datafest-dashboard/raw/main/data/past_winners/2016__NA.pdf,NA,NA,
NA,Case Western Reserve University,NA,2017,,,,https://github.com/mine-cetinkaya-rundel/asa-datafest-dashboard/raw/main/data/past_winners/2017__NA.pdf,NA,NA,
NA,Chapman University,NA,2011,,,,https://github.com/mine-cetinkaya-rundel/asa-datafest-dashboard/raw/main/data/past_winners/2011__NA.pdf,NA,NA,
NA,Chapman University,NA,2012,,,,https://github.com/mine-cetinkaya-rundel/asa-datafest-dashboard/raw/main/data/past_winners/2012__NA.pdf,NA,NA,
NA,Chapman University,NA,2013,,,,https://github.com/mine-cetinkaya-rundel/asa-datafest-dashboard/raw/main/data/past_winners/2013__NA.pdf,NA,NA,
NA,Chapman University,NA,2014,,,,https://github.com/mine-cetinkaya-rundel/asa-datafest-dashboard/raw/main/data/past_winners/2014__NA.pdf,NA,NA,
NA,Chapman University,NA,2015,,,,https://github.com/mine-cetinkaya-rundel/asa-datafest-dashboard/raw/main/data/past_winners/2015__NA.pdf,NA,NA,
NA,Chapman University,NA,2016,,,,https://github.com/mine-cetinkaya-rundel/asa-datafest-dashboard/raw/main/data/past_winners/2016__NA.pdf,NA,NA,
NA,Chapman University,NA,2017,,,,https://github.com/mine-cetinkaya-rundel/asa-datafest-dashboard/raw/main/data/past_winners/2017__NA.pdf,NA,NA,
NA,Cleveland State University,NA,2011,,,,https://github.com/mine-cetinkaya-rundel/asa-datafest-dashboard/raw/main/data/past_winners/2011__NA.pdf,NA,NA,
NA,Cleveland State University,NA,2012,,,,https://github.com/mine-cetinkaya-rundel/asa-datafest-dashboard/raw/main/data/past_winners/2012__NA.pdf,NA,NA,
NA,Cleveland State University,NA,2013,,,,https://github.com/mine-cetinkaya-rundel/asa-datafest-dashboard/raw/main/data/past_winners/2013__NA.pdf,NA,NA,
NA,Cleveland State University,NA,2014,,,,https://github.com/mine-cetinkaya-rundel/asa-datafest-dashboard/raw/main/data/past_winners/2014__NA.pdf,NA,NA,
NA,Cleveland State University,NA,2015,,,,https://github.com/mine-cetinkaya-rundel/asa-datafest-dashboard/raw/main/data/past_winners/2015__NA.pdf,NA,NA,
NA,Cleveland State University,NA,2016,,,,https://github.com/mine-cetinkaya-rundel/asa-datafest-dashboard/raw/main/data/past_winners/2016__NA.pdf,NA,NA,
NA,Cleveland State University,NA,2017,,,,https://github.com/mine-cetinkaya-rundel/asa-datafest-dashboard/raw/main/data/past_winners/2017__NA.pdf,NA,NA,
NA,Columbia University,Columbia,2011,,,,https://github.com/mine-cetinkaya-rundel/asa-datafest-dashboard/raw/main/data/past_winners/2011_Columbia_NA.pdf,NA,NA,
NA,Columbia University,Columbia,2012,,,,https://github.com/mine-cetinkaya-rundel/asa-datafest-dashboard/raw/main/data/past_winners/2012_Columbia_NA.pdf,NA,NA,
NA,Columbia University,Columbia,2013,,,,https://github.com/mine-cetinkaya-rundel/asa-datafest-dashboard/raw/main/data/past_winners/2013_Columbia_NA.pdf,NA,NA,
NA,Columbia University,Columbia,2014,,,,https://github.com/mine-cetinkaya-rundel/asa-datafest-dashboard/raw/main/data/past_winners/2014_Columbia_NA.pdf,NA,NA,
NA,Columbia University,Columbia,2015,,,,https://github.com/mine-cetinkaya-rundel/asa-datafest-dashboard/raw/main/data/past_winners/2015_Columbia_NA.pdf,NA,NA,
NA,Columbia University,Columbia,2016,,,,https://github.com/mine-cetinkaya-rundel/asa-datafest-dashboard/raw/main/data/past_winners/2016_Columbia_NA.pdf,NA,NA,
NA,Columbia University,Columbia,2017,,,,https://github.com/mine-cetinkaya-rundel/asa-datafest-dashboard/raw/main/data/past_winners/2017_Columbia_NA.pdf,NA,NA,
NA,Columbia University,Columbia,2017,,,,https://github.com/mine-cetinkaya-rundel/asa-datafest-dashboard/raw/main/data/past_winners/2017_Columbia_NA.pdf,NA,NA,
NA,Columbia University,Columbia,2018,,,,https://github.com/mine-cetinkaya-rundel/asa-datafest-dashboard/raw/main/data/past_winners/2018_Columbia_NA.pdf,NA,NA,
NA,Columbia University,Columbia,2019,,,,https://github.com/mine-cetinkaya-rundel/asa-datafest-dashboard/raw/main/data/past_winners/2019_Columbia_NA.pdf,NA,NA,
NA,Columbia University,Columbia,2020,,,,https://github.com/mine-cetinkaya-rundel/asa-datafest-dashboard/raw/main/data/past_winners/2020_Columbia_NA.pdf,NA,NA,
NA,Columbia University,Columbia,2021,,,,https://github.com/mine-cetinkaya-rundel/asa-datafest-dashboard/raw/main/data/past_winners/2021_Columbia_NA.pdf,NA,NA,
BestVisualization,Columbia University,Columbia,2022,IS GAMEPLAY BEHAVIOR ASSOCIATED WITH EFFICACY IN RESISTING DRUGS?,,,https://github.com/mine-cetinkaya-rundel/asa-datafest-dashboard/raw/main/data/past_winners/2022_Columbia_BestVisualization.pdf,NA,NA,
NA,Davidson College,NA,2011,,,,https://github.com/mine-cetinkaya-rundel/asa-datafest-dashboard/raw/main/data/past_winners/2011__NA.pdf,NA,NA,
NA,Davidson College,NA,2012,,,,https://github.com/mine-cetinkaya-rundel/asa-datafest-dashboard/raw/main/data/past_winners/2012__NA.pdf,NA,NA,
NA,Davidson College,NA,2013,,,,https://github.com/mine-cetinkaya-rundel/asa-datafest-dashboard/raw/main/data/past_winners/2013__NA.pdf,NA,NA,
NA,Davidson College,NA,2014,,,,https://github.com/mine-cetinkaya-rundel/asa-datafest-dashboard/raw/main/data/past_winners/2014__NA.pdf,NA,NA,
NA,Davidson College,NA,2015,,,,https://github.com/mine-cetinkaya-rundel/asa-datafest-dashboard/raw/main/data/past_winners/2015__NA.pdf,NA,NA,
NA,Davidson College,NA,2016,,,,https://github.com/mine-cetinkaya-rundel/asa-datafest-dashboard/raw/main/data/past_winners/2016__NA.pdf,NA,NA,
NA,Davidson College,NA,2017,,,,https://github.com/mine-cetinkaya-rundel/asa-datafest-dashboard/raw/main/data/past_winners/2017__NA.pdf,NA,NA,
NA,Duke University,Duke,2011,,,,https://github.com/mine-cetinkaya-rundel/asa-datafest-dashboard/raw/main/data/past_winners/2011_Duke_NA.pdf,NA,NA,
NA,Duke University,Duke,2012,,,,https://github.com/mine-cetinkaya-rundel/asa-datafest-dashboard/raw/main/data/past_winners/2012_Duke_NA.pdf,NA,NA,
NA,Duke University,Duke,2013,,,,https://github.com/mine-cetinkaya-rundel/asa-datafest-dashboard/raw/main/data/past_winners/2013_Duke_NA.pdf,NA,NA,
NA,Duke University,Duke,2014,,,,https://github.com/mine-cetinkaya-rundel/asa-datafest-dashboard/raw/main/data/past_winners/2014_Duke_NA.pdf,NA,NA,
NA,Duke University,Duke,2015,,,,https://github.com/mine-cetinkaya-rundel/asa-datafest-dashboard/raw/main/data/past_winners/2015_Duke_NA.pdf,NA,NA,
NA,Duke University,Duke,2016,,,,https://github.com/mine-cetinkaya-rundel/asa-datafest-dashboard/raw/main/data/past_winners/2016_Duke_NA.pdf,NA,NA,
NA,Duke University,Duke,2017,,,,https://github.com/mine-cetinkaya-rundel/asa-datafest-dashboard/raw/main/data/past_winners/2017_Duke_NA.pdf,NA,NA,
NA,Duke University,Duke,2018,,,,https://github.com/mine-cetinkaya-rundel/asa-datafest-dashboard/raw/main/data/past_winners/2018_Duke_NA.pdf,NA,NA,
NA,Duke University,Duke,2019,,,,https://github.com/mine-cetinkaya-rundel/asa-datafest-dashboard/raw/main/data/past_winners/2019_Duke_NA.pdf,NA,NA,
BestVisualization,Duke University,Duke,2020,An Alysis of US Social Distancing Amidst the Covid-19 Pandemic through Google Mobility Reports,Americas Next Top Modellers,"Shannon Houser, Jack Lichtenstein",https://github.com/mine-cetinkaya-rundel/asa-datafest-dashboard/raw/main/data/past_winners/2020_Duke_BestVisualization.pdf,NA,NA,
BestInsight,Duke University,Duke,2020,Explore How Research Priorities Shift as COVID-19 Progresses,N&N,"Jingxuan Liu, Jessie Ou, Linda Tang, Yunyao Zhu, Justi Zou",https://github.com/mine-cetinkaya-rundel/asa-datafest-dashboard/raw/main/data/past_winners/2020_Duke_BestInsight.pdf,NA,NA,
Judge's Choice,Duke University,Duke,2020,Regression Alysis of COVID-19s Effect on Different Communities,"MB, MF, (PM)-1: Meredith Brown","Meredith Brown, Matt Feder, Pouya Mohammadi",https://github.com/mine-cetinkaya-rundel/asa-datafest-dashboard/raw/main/data/past_winners/https://mattfeder.shinyapps.io/CoronaApp/.pdf,NA,NA,
Most Creative Topic,Duke University,Duke,2020,Dreams in the Time of COVID-19,,Apoorv Jha,https://github.com/mine-cetinkaya-rundel/asa-datafest-dashboard/raw/main/data/past_winners/2020_Duke_Other_2.pdf,NA,NA,
Best Interactive Dashboard,Duke University,Duke,2020,Covis19,,Jie Cai,https://github.com/mine-cetinkaya-rundel/asa-datafest-dashboard/raw/main/data/past_winners/2020_Duke_Other_3.pdf,NA,NA,
BestVisualization,Duke University,Duke,2021,"Smart, Dont Start: A Look at the Problems Associated with Drug Misuse and Relevant Factors",,"Brian Wang, Yidan Wang, Eddie Zhang, Keren Zhang, Chloe Zhu",https://github.com/mine-cetinkaya-rundel/asa-datafest-dashboard/raw/main/data/past_winners/https://prezi.com/view/fjiYjAmRRBRcW7WtIn8W/.pdf,NA,NA,
BestInsight,Duke University,Duke,2021,Survey of Non-Medical Use of Prescription Drugs Program: United States 19Q1 Launch,,"Siddharth Bowgal, Arjun Putcha",https://github.com/mine-cetinkaya-rundel/asa-datafest-dashboard/raw/main/data/past_winners/2021_Duke_BestInsight.pdf,NA,NA,
Judge's Choice,Duke University,Duke,2021,Drug Misuse Alysis,Extra 5,"Bodong Xu, Jay Lin, Jiajun Wang, Ningyi Xue, Shan Xiang",https://github.com/mine-cetinkaya-rundel/asa-datafest-dashboard/raw/main/data/past_winners/2021_Duke_Other_1.pdf,NA,NA,
Judge's Choice,Duke University,Duke,2021,Drug Prediction Model Interpretability,,"Edwin Agnew, Bhrij Patel, Albert Sun, Jayesh Gupta",https://github.com/mine-cetinkaya-rundel/asa-datafest-dashboard/raw/main/data/past_winners/2021_Duke_Other_2.pdf,NA,NA,
BestInsight,Duke University,Duke,2022,Reordering Minigames with Persolized Recommendation System,Chill Chill,"Jianbo Bin, Yuge Jin, Chengkai Peng, Jingn Wang, Yijie Wang",https://github.com/mine-cetinkaya-rundel/asa-datafest-dashboard/raw/main/data/past_winners/2022_Duke_BestInsight.pdf,NA,NA,
Best Statistical Analysis,Duke University,Duke,2022,Investigation into Elm City Stories' MiniGame Design,Tie,"Bridge Hu, Andy Liu, Jacqueline Ma, Andy Wulu, Cara Yang",https://github.com/mine-cetinkaya-rundel/asa-datafest-dashboard/raw/main/data/past_winners/2022_Duke_Other_1.pdf,NA,NA,
BestVisualization,Duke University,Duke,2022,,FishSwish,"Athe Yao, Emily Du, Jen Boguslavsky, Helene Gu, Rebecca Combs",https://github.com/mine-cetinkaya-rundel/asa-datafest-dashboard/raw/main/data/past_winners/2022_Duke_BestVisualization.pdf,NA,NA,
Judge's Choice,Duke University,Duke,2022,Evaluating Character Differences in the Top and Bottom Performing Students with a Custom Score,,"Joseph Ilagan, Aryan Mathur, Li yvelt",https://github.com/mine-cetinkaya-rundel/asa-datafest-dashboard/raw/main/data/past_winners/2022_Duke_Other_2.pdf,NA,NA,
Honorable Mention,Duke University,Duke,2022,Exploring effectiveness of the game,Nihongokurasu,Xiaoyin Kang and Ziying Ye,https://github.com/mine-cetinkaya-rundel/asa-datafest-dashboard/raw/main/data/past_winners/2022_Duke_Other_3.pdf,NA,NA,
NA,Emory University,NA,2011,,,,https://github.com/mine-cetinkaya-rundel/asa-datafest-dashboard/raw/main/data/past_winners/2011__NA.pdf,NA,NA,
NA,Emory University,NA,2012,,,,https://github.com/mine-cetinkaya-rundel/asa-datafest-dashboard/raw/main/data/past_winners/2012__NA.pdf,NA,NA,
NA,Emory University,NA,2013,,,,https://github.com/mine-cetinkaya-rundel/asa-datafest-dashboard/raw/main/data/past_winners/2013__NA.pdf,NA,NA,
NA,Emory University,NA,2014,,,,https://github.com/mine-cetinkaya-rundel/asa-datafest-dashboard/raw/main/data/past_winners/2014__NA.pdf,NA,NA,
NA,Emory University,NA,2015,,,,https://github.com/mine-cetinkaya-rundel/asa-datafest-dashboard/raw/main/data/past_winners/2015__NA.pdf,NA,NA,
NA,Emory University,NA,2016,,,,https://github.com/mine-cetinkaya-rundel/asa-datafest-dashboard/raw/main/data/past_winners/2016__NA.pdf,NA,NA,
NA,Emory University,NA,2017,,,,https://github.com/mine-cetinkaya-rundel/asa-datafest-dashboard/raw/main/data/past_winners/2017__NA.pdf,NA,NA,
NA,Grand Valley State University,NA,2011,,,,https://github.com/mine-cetinkaya-rundel/asa-datafest-dashboard/raw/main/data/past_winners/2011__NA.pdf,NA,NA,
NA,Grand Valley State University,NA,2012,,,,https://github.com/mine-cetinkaya-rundel/asa-datafest-dashboard/raw/main/data/past_winners/2012__NA.pdf,NA,NA,
NA,Grand Valley State University,NA,2013,,,,https://github.com/mine-cetinkaya-rundel/asa-datafest-dashboard/raw/main/data/past_winners/2013__NA.pdf,NA,NA,
NA,Grand Valley State University,NA,2014,,,,https://github.com/mine-cetinkaya-rundel/asa-datafest-dashboard/raw/main/data/past_winners/2014__NA.pdf,NA,NA,
NA,Grand Valley State University,NA,2015,,,,https://github.com/mine-cetinkaya-rundel/asa-datafest-dashboard/raw/main/data/past_winners/2015__NA.pdf,NA,NA,
NA,Grand Valley State University,NA,2016,,,,https://github.com/mine-cetinkaya-rundel/asa-datafest-dashboard/raw/main/data/past_winners/2016__NA.pdf,NA,NA,
NA,Grand Valley State University,NA,2017,,,,https://github.com/mine-cetinkaya-rundel/asa-datafest-dashboard/raw/main/data/past_winners/2017__NA.pdf,NA,NA,
NA,Loyola University Chicago,NA,2011,,,,https://github.com/mine-cetinkaya-rundel/asa-datafest-dashboard/raw/main/data/past_winners/2011__NA.pdf,NA,NA,
NA,Loyola University Chicago,NA,2012,,,,https://github.com/mine-cetinkaya-rundel/asa-datafest-dashboard/raw/main/data/past_winners/2012__NA.pdf,NA,NA,
NA,Loyola University Chicago,NA,2013,,,,https://github.com/mine-cetinkaya-rundel/asa-datafest-dashboard/raw/main/data/past_winners/2013__NA.pdf,NA,NA,
NA,Loyola University Chicago,NA,2014,,,,https://github.com/mine-cetinkaya-rundel/asa-datafest-dashboard/raw/main/data/past_winners/2014__NA.pdf,NA,NA,
NA,Loyola University Chicago,NA,2015,,,,https://github.com/mine-cetinkaya-rundel/asa-datafest-dashboard/raw/main/data/past_winners/2015__NA.pdf,NA,NA,
NA,Loyola University Chicago,NA,2016,,,,https://github.com/mine-cetinkaya-rundel/asa-datafest-dashboard/raw/main/data/past_winners/2016__NA.pdf,NA,NA,
NA,Loyola University Chicago,NA,2017,,,,https://github.com/mine-cetinkaya-rundel/asa-datafest-dashboard/raw/main/data/past_winners/2017__NA.pdf,NA,NA,
NA,Macalaster College,NA,2011,,,,https://github.com/mine-cetinkaya-rundel/asa-datafest-dashboard/raw/main/data/past_winners/2011__NA.pdf,NA,NA,
NA,Macalaster College,NA,2012,,,,https://github.com/mine-cetinkaya-rundel/asa-datafest-dashboard/raw/main/data/past_winners/2012__NA.pdf,NA,NA,
NA,Macalaster College,NA,2013,,,,https://github.com/mine-cetinkaya-rundel/asa-datafest-dashboard/raw/main/data/past_winners/2013__NA.pdf,NA,NA,
NA,Macalaster College,NA,2014,,,,https://github.com/mine-cetinkaya-rundel/asa-datafest-dashboard/raw/main/data/past_winners/2014__NA.pdf,NA,NA,
NA,Macalaster College,NA,2015,,,,https://github.com/mine-cetinkaya-rundel/asa-datafest-dashboard/raw/main/data/past_winners/2015__NA.pdf,NA,NA,
NA,Macalaster College,NA,2016,,,,https://github.com/mine-cetinkaya-rundel/asa-datafest-dashboard/raw/main/data/past_winners/2016__NA.pdf,NA,NA,
NA,Macalaster College,NA,2017,,,,https://github.com/mine-cetinkaya-rundel/asa-datafest-dashboard/raw/main/data/past_winners/2017__NA.pdf,NA,NA,
NA,Miami University (Ohio),NA,2011,,,,https://github.com/mine-cetinkaya-rundel/asa-datafest-dashboard/raw/main/data/past_winners/2011__NA.pdf,NA,NA,
NA,Miami University (Ohio),NA,2012,,,,https://github.com/mine-cetinkaya-rundel/asa-datafest-dashboard/raw/main/data/past_winners/2012__NA.pdf,NA,NA,
NA,Miami University (Ohio),NA,2013,,,,https://github.com/mine-cetinkaya-rundel/asa-datafest-dashboard/raw/main/data/past_winners/2013__NA.pdf,NA,NA,
NA,Miami University (Ohio),NA,2014,,,,https://github.com/mine-cetinkaya-rundel/asa-datafest-dashboard/raw/main/data/past_winners/2014__NA.pdf,NA,NA,
NA,Miami University (Ohio),NA,2015,,,,https://github.com/mine-cetinkaya-rundel/asa-datafest-dashboard/raw/main/data/past_winners/2015__NA.pdf,NA,NA,
NA,Miami University (Ohio),NA,2016,,,,https://github.com/mine-cetinkaya-rundel/asa-datafest-dashboard/raw/main/data/past_winners/2016__NA.pdf,NA,NA,
NA,Miami University (Ohio),NA,2017,,,,https://github.com/mine-cetinkaya-rundel/asa-datafest-dashboard/raw/main/data/past_winners/2017__NA.pdf,NA,NA,
NA,Middlebury College,NA,2011,,,,https://github.com/mine-cetinkaya-rundel/asa-datafest-dashboard/raw/main/data/past_winners/2011__NA.pdf,NA,NA,
NA,Middlebury College,NA,2012,,,,https://github.com/mine-cetinkaya-rundel/asa-datafest-dashboard/raw/main/data/past_winners/2012__NA.pdf,NA,NA,
NA,Middlebury College,NA,2013,,,,https://github.com/mine-cetinkaya-rundel/asa-datafest-dashboard/raw/main/data/past_winners/2013__NA.pdf,NA,NA,
NA,Middlebury College,NA,2014,,,,https://github.com/mine-cetinkaya-rundel/asa-datafest-dashboard/raw/main/data/past_winners/2014__NA.pdf,NA,NA,
NA,Middlebury College,NA,2015,,,,https://github.com/mine-cetinkaya-rundel/asa-datafest-dashboard/raw/main/data/past_winners/2015__NA.pdf,NA,NA,
NA,Middlebury College,NA,2016,,,,https://github.com/mine-cetinkaya-rundel/asa-datafest-dashboard/raw/main/data/past_winners/2016__NA.pdf,NA,NA,
NA,Middlebury College,NA,2017,,,,https://github.com/mine-cetinkaya-rundel/asa-datafest-dashboard/raw/main/data/past_winners/2017__NA.pdf,NA,NA,
NA,Ohio State University,OSU,2011,,,,https://github.com/mine-cetinkaya-rundel/asa-datafest-dashboard/raw/main/data/past_winners/2011_OSU_NA.pdf,NA,NA,
NA,Ohio State University,OSU,2012,,,,https://github.com/mine-cetinkaya-rundel/asa-datafest-dashboard/raw/main/data/past_winners/2012_OSU_NA.pdf,NA,NA,
NA,Ohio State University,OSU,2013,,,,https://github.com/mine-cetinkaya-rundel/asa-datafest-dashboard/raw/main/data/past_winners/2013_OSU_NA.pdf,NA,NA,
NA,Ohio State University,OSU,2014,,,,https://github.com/mine-cetinkaya-rundel/asa-datafest-dashboard/raw/main/data/past_winners/2014_OSU_NA.pdf,NA,NA,
NA,Ohio State University,OSU,2015,,,,https://github.com/mine-cetinkaya-rundel/asa-datafest-dashboard/raw/main/data/past_winners/2015_OSU_NA.pdf,NA,NA,
BestInsight,Ohio State University,OSU,2016,Datafest 2016,The Imagineers,"Grant Savage, Brett Bejcek, Cameron Priest, Alisa Noll, Jack Schroder",https://github.com/mine-cetinkaya-rundel/asa-datafest-dashboard/raw/main/data/past_winners/2016_OSU_BestInsight.pdf,NA,NA,
BestUseOfExternalData,Ohio State University,OSU,2016,EYE ON THE STORM:SEVERE WEATHER AND IMPLICATIONS FOR PRICE OPTIMIZATION ,Statistical Anomaly ,"Mae Hutchison, James White, Kathleen Fillingim, and Mohamed Meziane-Tani",https://github.com/mine-cetinkaya-rundel/asa-datafest-dashboard/raw/main/data/past_winners/2016_OSU_BestUseOfExternalData.pdf,NA,NA,
BestVisualization,Ohio State University,OSU,2016,Genre Popularity and Cost Point ,,"Kenji Gerhardt, Morgan Phillips ",https://github.com/mine-cetinkaya-rundel/asa-datafest-dashboard/raw/main/data/past_winners/2016_OSU_BestVisualization.pdf,NA,NA,
NA,Ohio State University,OSU,2018,,CSS Data Group," Shiyu Dou, Callie Wang, Shiyao Zhang",https://github.com/mine-cetinkaya-rundel/asa-datafest-dashboard/raw/main/data/past_winners/2018_OSU_Other_1.pdf,NA,NA,
NA,Ohio State University,OSU,2019,,,,https://github.com/mine-cetinkaya-rundel/asa-datafest-dashboard/raw/main/data/past_winners/2019_OSU_NA.pdf,NA,NA,
NA,Ohio State University,OSU,2020,,,,https://github.com/mine-cetinkaya-rundel/asa-datafest-dashboard/raw/main/data/past_winners/2020_OSU_NA.pdf,NA,NA,
NA,Ohio State University,OSU,2021,,,,https://github.com/mine-cetinkaya-rundel/asa-datafest-dashboard/raw/main/data/past_winners/2021_OSU_NA.pdf,NA,NA,
NA,Ohio State University,OSU,2022,,,,https://github.com/mine-cetinkaya-rundel/asa-datafest-dashboard/raw/main/data/past_winners/2022_OSU_NA.pdf,NA,NA,
Best Overall Analysis,Ohio State University,OSU,2017,,Team America,"Ryan Cheng, John Robbins, and Michael Wyatt",https://github.com/mine-cetinkaya-rundel/asa-datafest-dashboard/raw/main/data/past_winners/2017_OSU_Other_1.pdf,NA,NA,
BestUseOfExternalData,Ohio State University,OSU,2017,FROSTBIT: Take advantage of changing weather,,"Kathleen Fillingim, Kathy Guo, Mae Hutchison, Mohamed Meziane-Tani,  James White",https://github.com/mine-cetinkaya-rundel/asa-datafest-dashboard/raw/main/data/past_winners/2017_OSU_BestUseOfExternalData.pdf,NA,NA,
BestVisualization,Ohio State University,OSU,2017,Where You Book Matters,,"Brett Bejcek, Nicole Casey, Brandon Muschlitz, Cameron Priest",https://github.com/mine-cetinkaya-rundel/asa-datafest-dashboard/raw/main/data/past_winners/2017_OSU_BestVisualization.pdf,NA,NA,
Judge's Choice,Ohio State University,OSU,2017,,Bayez II Men,Derek Sasthav Alisa Noll Amy Chiu Nicol Drozdowicz,https://github.com/mine-cetinkaya-rundel/asa-datafest-dashboard/raw/main/data/past_winners/2017_OSU_Other_2.pdf,NA,NA,
NA,Penn State University,NA,2011,,,,https://github.com/mine-cetinkaya-rundel/asa-datafest-dashboard/raw/main/data/past_winners/2011__NA.pdf,NA,NA,
NA,Penn State University,NA,2012,,,,https://github.com/mine-cetinkaya-rundel/asa-datafest-dashboard/raw/main/data/past_winners/2012__NA.pdf,NA,NA,
NA,Penn State University,NA,2013,,,,https://github.com/mine-cetinkaya-rundel/asa-datafest-dashboard/raw/main/data/past_winners/2013__NA.pdf,NA,NA,
NA,Penn State University,NA,2014,,,,https://github.com/mine-cetinkaya-rundel/asa-datafest-dashboard/raw/main/data/past_winners/2014__NA.pdf,NA,NA,
NA,Penn State University,NA,2015,,,,https://github.com/mine-cetinkaya-rundel/asa-datafest-dashboard/raw/main/data/past_winners/2015__NA.pdf,NA,NA,
NA,Penn State University,NA,2016,,,,https://github.com/mine-cetinkaya-rundel/asa-datafest-dashboard/raw/main/data/past_winners/2016__NA.pdf,NA,NA,
NA,Penn State University,NA,2017,,,,https://github.com/mine-cetinkaya-rundel/asa-datafest-dashboard/raw/main/data/past_winners/2017__NA.pdf,NA,NA,
NA,Purdue University,NA,2011,,,,https://github.com/mine-cetinkaya-rundel/asa-datafest-dashboard/raw/main/data/past_winners/2011__NA.pdf,NA,NA,
NA,Purdue University,NA,2012,,,,https://github.com/mine-cetinkaya-rundel/asa-datafest-dashboard/raw/main/data/past_winners/2012__NA.pdf,NA,NA,
NA,Purdue University,NA,2013,,,,https://github.com/mine-cetinkaya-rundel/asa-datafest-dashboard/raw/main/data/past_winners/2013__NA.pdf,NA,NA,
NA,Purdue University,NA,2014,,,,https://github.com/mine-cetinkaya-rundel/asa-datafest-dashboard/raw/main/data/past_winners/2014__NA.pdf,NA,NA,
NA,Purdue University,NA,2015,,,,https://github.com/mine-cetinkaya-rundel/asa-datafest-dashboard/raw/main/data/past_winners/2015__NA.pdf,NA,NA,
NA,Purdue University,NA,2016,,,,https://github.com/mine-cetinkaya-rundel/asa-datafest-dashboard/raw/main/data/past_winners/2016__NA.pdf,NA,NA,
NA,Purdue University,NA,2017,,,,https://github.com/mine-cetinkaya-rundel/asa-datafest-dashboard/raw/main/data/past_winners/2017__NA.pdf,NA,NA,
Best Business Insight,Smith College,Smith,2017,"The relationship between length of stay, hotel quality and chance of booking",Standard Divition,"Sarah Abowitz, Garcia Sun, Cas Sweeney, Isabella Zhu",https://github.com/mine-cetinkaya-rundel/asa-datafest-dashboard/raw/main/data/past_winners/2017_Smith_Other_1.pdf,NA,NA,
Best In Group A,Smith College,Smith,2017,How do Expedia's customers make bookings?,Zest," Cheng-Yin Eng, Erin Mullin, Tam Tran-The, Ngoc Vu",https://github.com/mine-cetinkaya-rundel/asa-datafest-dashboard/raw/main/data/past_winners/2017_Smith_Other_2.pdf,NA,NA,
Best In Group B,Smith College,Smith,2017,CUSTOMERS WHO ALMOST BOUGHT TRAVEL PACKAGES,DataBest,"Zaib Aqdas Rizvi, Subashini Sridhar, Ji Young Yun, Ji Won Chung, Van Nguyen",https://github.com/mine-cetinkaya-rundel/asa-datafest-dashboard/raw/main/data/past_winners/2017_Smith_Other_3.pdf,NA,NA,
Best In Show,Smith College,Smith,2017,CUSTOMERS WHO ALMOST BOUGHT TRAVEL PACKAGES,DataBest,"Zaib Aqdas Rizvi, Subashini Sridhar, Ji Young Yun, Ji Won Chung, Van Nguyen",https://github.com/mine-cetinkaya-rundel/asa-datafest-dashboard/raw/main/data/past_winners/2017_Smith_Other_5.pdf,NA,NA,
Best In Group C,Smith College,Smith,2017,"Expedia: Clicks, Trip Length, and Conversions Among Packages",Off The GRID,"Robert Harris, Harley Jean, Elliot DeBruyn, Evan Moore, Vincent Lee",https://github.com/mine-cetinkaya-rundel/asa-datafest-dashboard/raw/main/data/past_winners/2017_Smith_Other_4.pdf,NA,NA,
BestUseOfExternalData,Smith College,Smith,2017,Understanding Expedia Usage Across the United States: Where and When Expedia Should Advertise,Team Br3@d,"Laboni Hoque, Lucy Yuan, Fengling Hu, Audrey Cheng, Josh Campbell",https://github.com/mine-cetinkaya-rundel/asa-datafest-dashboard/raw/main/data/past_winners/2017_Smith_BestUseOfExternalData.pdf,NA,NA,
Best Statistical Interpret,Smith College,Smith,2017,DataFest 2017 ,Normally Distributed,"Zixian Li, Angie Dinh, Abby Doctor, Eri Fukuda, Raeesa Alam",https://github.com/mine-cetinkaya-rundel/asa-datafest-dashboard/raw/main/data/past_winners/2017_Smith_Other_6.pdf,NA,NA,
Best In Group A,Smith College,Smith,2018,Indeed,Statistically Significant,"Samuel Baltrus, Kristen Bonsall, Dia Hansen, Henry Noke, Aidan Price",https://github.com/mine-cetinkaya-rundel/asa-datafest-dashboard/raw/main/data/past_winners/2018_Smith_Other_2.pdf,NA,NA,
Best In Group B,Smith College,Smith,2018,Competitiveness: A New Job Search Filter,A-Super-NOVA,"Audrey Bertin, Riley Boeth, Emma Livingston, Clara Rosenberg, Kara Vallen",https://github.com/mine-cetinkaya-rundel/asa-datafest-dashboard/raw/main/data/past_winners/2018_Smith_Other_3.pdf,NA,NA,
Best In Group C,Smith College,Smith,2018,"Indeed: Clicks, Applies, and Job Opportunity",Regression Toward the Team,"Munkh-Erdene Baatarsuren, Ryan Cox, Evan Moore, Ili Shah, Kristi Yamkovoy ",https://github.com/mine-cetinkaya-rundel/asa-datafest-dashboard/raw/main/data/past_winners/2018_Smith_Other_4.pdf,NA,NA,
Best Product,Smith College,Smith,2018,POPPFest 2018 ,ACOF,"talia Khoudian, Bodhi Nguyen, Brendan Seto, Jason Seto, Kelly Yang",https://github.com/mine-cetinkaya-rundel/asa-datafest-dashboard/raw/main/data/past_winners/2018_Smith_Other_1.pdf,NA,NA,
Best Question Driven,Smith College,Smith,2018,,The Cutting Edge,"Oliver Bradley, Shishir Jakati, Sean Kelley, Mukul Kudlugi, Sahil Magan",https://github.com/mine-cetinkaya-rundel/asa-datafest-dashboard/raw/main/data/past_winners/2018_Smith_Other_6.pdf,NA,NA,
Most Original Business Question,Smith College,Smith,2018, How affective is the review system?,Datachamp 2,"Kendra Clemenzi, Priscilla Lu, Timothy Raxworthy, Tony Zhang",https://github.com/mine-cetinkaya-rundel/asa-datafest-dashboard/raw/main/data/past_winners/2018_Smith_Other_7.pdf,NA,NA,
Best In Show,Smith College,Smith,2018,"Indeed: Clicks, Applies, and Job Opportunity",Regression Toward the Team,"Munkh-Erdene Baatarsuren, Ryan Cox, Evan Moore, Ili Shah, Kristi Yamkovoy ",https://github.com/mine-cetinkaya-rundel/asa-datafest-dashboard/raw/main/data/past_winners/2018_Smith_Other_5.pdf,NA,NA,
Best Actionable Insight,Smith College,Smith,2019,Impact of Wellness & Practice on Game Speed,LeGit,"Victoria Zheng, Kelly Pien, Sunni Raleigh, Catherine Kung",https://github.com/mine-cetinkaya-rundel/asa-datafest-dashboard/raw/main/data/past_winners/2019_Smith_Other_1.pdf,NA,NA,
Best Data Insight,Smith College,Smith,2019,How to Prepare for a Season ,Unofficial Intelligence,"Yanwan Zhu, Xian (Elaine) Ye, Rachel Yan, Kelly Shen, Yifan Ma, Nichole Yao",https://github.com/mine-cetinkaya-rundel/asa-datafest-dashboard/raw/main/data/past_winners/2019_Smith_Other_6.pdf,NA,NA,
Best In Group A,Smith College,Smith,2019,Effect of Exterl Variables on Workload-Fatigue Relationship,Mount Histogram College,"Emma Grotto, Sara Pradan, Eleanor Harris",https://github.com/mine-cetinkaya-rundel/asa-datafest-dashboard/raw/main/data/past_winners/2019_Smith_Other_2.pdf,NA,NA,
Best In Group B,Smith College,Smith,2019,Controlling Athlete Fatigue: A tool for coaches to minimize athlete fatigue,Data Pirates,"Ti Liu, Francesca Giardine, Jessica Keast",https://github.com/mine-cetinkaya-rundel/asa-datafest-dashboard/raw/main/data/past_winners/2019_Smith_Other_3.pdf,NA,NA,
Best In Group C,Smith College,Smith,2019,Quantifying and Predicting Exhaustion, LOAF,"Clara Seo, Esther Song, Fengling Hu, Laboni Hoque, Lesley Zheng",https://github.com/mine-cetinkaya-rundel/asa-datafest-dashboard/raw/main/data/past_winners/2019_Smith_Other_4.pdf,NA,NA,
Best In Show,Smith College,Smith,2019,How Can You Measure Fatigue? Trust Your Athletes!,A-Super-NOVA,"Audrey Bertin, Arielle Dror, Clara Rosenberg, Kara Van Allen",https://github.com/mine-cetinkaya-rundel/asa-datafest-dashboard/raw/main/data/past_winners/2019_Smith_Other_5.pdf,NA,NA,
Best Multilevel Solution,Smith College,Smith,2019,,ggsquad2," Paige Patrick, Elao Lemoto, Mathe Abramson, A Porro, Jordan Moody",https://github.com/mine-cetinkaya-rundel/asa-datafest-dashboard/raw/main/data/past_winners/2019_Smith_Other_7.pdf,NA,NA,
NA,Smith College,Smith,2020,,,,https://github.com/mine-cetinkaya-rundel/asa-datafest-dashboard/raw/main/data/past_winners/2020_Smith_NA.pdf,NA,NA,
NA,Smith College,Smith,2021,,,,https://github.com/mine-cetinkaya-rundel/asa-datafest-dashboard/raw/main/data/past_winners/2021_Smith_NA.pdf,NA,NA,
NA,Smith College,Smith,2022,,,,https://github.com/mine-cetinkaya-rundel/asa-datafest-dashboard/raw/main/data/past_winners/2022_Smith_NA.pdf,NA,NA,
NA,Southern Methodist University,SMU,2017,,,,https://github.com/mine-cetinkaya-rundel/asa-datafest-dashboard/raw/main/data/past_winners/2017_SMU_NA.pdf,NA,NA,
NA,Southern Methodist University,SMU,2018,,,,https://github.com/mine-cetinkaya-rundel/asa-datafest-dashboard/raw/main/data/past_winners/2018_SMU_NA.pdf,NA,NA,
BestInsight,Southern Methodist University,SMU,2019,R You Ready,,"Alexis, Charles, Carter",https://github.com/mine-cetinkaya-rundel/asa-datafest-dashboard/raw/main/data/past_winners/2019_SMU_BestInsight.pdf,NA,NA,
BestVisualization,Southern Methodist University,SMU,2019,Predicting Fatigue,UTD,"Jackson Forner, Harrison Hoffman, Troy Reynolds, Courtney Schaller, and Nikita Traynin",https://github.com/mine-cetinkaya-rundel/asa-datafest-dashboard/raw/main/data/past_winners/2019_SMU_BestVisualization.pdf,NA,NA,
BestUseOfExternalData,Southern Methodist University,SMU,2019,Factors Affecting Fatigue in Cadian Womens 7s Rugby,,"Maria Georgious, Delaney Helgeson, Ryan Leibowitz, Nicole Parmelee",https://github.com/mine-cetinkaya-rundel/asa-datafest-dashboard/raw/main/data/past_winners/2019_SMU_BestUseOfExternalData.pdf,NA,NA,
NA,Southern Methodist University,SMU,2020,,,,https://github.com/mine-cetinkaya-rundel/asa-datafest-dashboard/raw/main/data/past_winners/2020_SMU_NA.pdf,NA,NA,
BestInsight,Southern Methodist University,SMU,2021,Modeling opioid use using Bayesian methods and understanding drug gateways through network alysis,Datafest2,"Joshua Hascall, Julian LaNeve, Jothan Lindbloom, Ashwin Rajesh",https://github.com/mine-cetinkaya-rundel/asa-datafest-dashboard/raw/main/data/past_winners/2021_SMU_BestInsight.pdf,NA,NA,
BestVisualization,Southern Methodist University,SMU,2021,Indicators of substance abuse in individuals diagnosed with mental health disorders,,,https://github.com/mine-cetinkaya-rundel/asa-datafest-dashboard/raw/main/data/past_winners/2021_SMU_BestVisualization.pdf,NA,NA,
BestUseOfExternalData,Southern Methodist University,SMU,2021,Female/Male Gender versus the Unprescribed Use of THC,,,https://github.com/mine-cetinkaya-rundel/asa-datafest-dashboard/raw/main/data/past_winners/2021_SMU_BestUseOfExternalData.pdf,NA,NA,
BestInsight,Southern Methodist University,SMU,2022,Predictive Model for Teegers Skills,,"Khanh Pham, Nhan Nguyen, Son Nguyen, Son Vu, Tri Ngo",https://github.com/mine-cetinkaya-rundel/asa-datafest-dashboard/raw/main/data/past_winners/2022_SMU_BestInsight.pdf,NA,NA,
BestVisualization,Southern Methodist University,SMU,2022,ASA Play Forward (Elm City Stories),Golf,"Annie Li, Reece Iriye, AnMarie Ferndes",https://github.com/mine-cetinkaya-rundel/asa-datafest-dashboard/raw/main/data/past_winners/2022_SMU_BestVisualization.pdf,NA,NA,
Best Statistical Analysis,Southern Methodist University,SMU,2022,Datafest 2022,The GG-Plot 5,"Adiat Arabi, Christopher Chan, Devan Bailey, Enrique Cardes, Muhammad Zubair",https://github.com/mine-cetinkaya-rundel/asa-datafest-dashboard/raw/main/data/past_winners/2022_SMU_Other_1.pdf,NA,NA,
NA,"Summit Consulting, DC",NA,2011,,,,https://github.com/mine-cetinkaya-rundel/asa-datafest-dashboard/raw/main/data/past_winners/2011__NA.pdf,NA,NA,
NA,"Summit Consulting, DC",NA,2012,,,,https://github.com/mine-cetinkaya-rundel/asa-datafest-dashboard/raw/main/data/past_winners/2012__NA.pdf,NA,NA,
NA,"Summit Consulting, DC",NA,2013,,,,https://github.com/mine-cetinkaya-rundel/asa-datafest-dashboard/raw/main/data/past_winners/2013__NA.pdf,NA,NA,
NA,"Summit Consulting, DC",NA,2014,,,,https://github.com/mine-cetinkaya-rundel/asa-datafest-dashboard/raw/main/data/past_winners/2014__NA.pdf,NA,NA,
NA,"Summit Consulting, DC",NA,2015,,,,https://github.com/mine-cetinkaya-rundel/asa-datafest-dashboard/raw/main/data/past_winners/2015__NA.pdf,NA,NA,
NA,"Summit Consulting, DC",NA,2016,,,,https://github.com/mine-cetinkaya-rundel/asa-datafest-dashboard/raw/main/data/past_winners/2016__NA.pdf,NA,NA,
NA,"Summit Consulting, DC",NA,2017,,,,https://github.com/mine-cetinkaya-rundel/asa-datafest-dashboard/raw/main/data/past_winners/2017__NA.pdf,NA,NA,
NA,University of California Berkeley,UCB,2011,,,,https://github.com/mine-cetinkaya-rundel/asa-datafest-dashboard/raw/main/data/past_winners/2011_UCB_NA.pdf,NA,NA,
NA,University of California Berkeley,UCB,2012,,,,https://github.com/mine-cetinkaya-rundel/asa-datafest-dashboard/raw/main/data/past_winners/2012_UCB_NA.pdf,NA,NA,
NA,University of California Berkeley,UCB,2013,,,,https://github.com/mine-cetinkaya-rundel/asa-datafest-dashboard/raw/main/data/past_winners/2013_UCB_NA.pdf,NA,NA,
NA,University of California Berkeley,UCB,2014,,,,https://github.com/mine-cetinkaya-rundel/asa-datafest-dashboard/raw/main/data/past_winners/2014_UCB_NA.pdf,NA,NA,
NA,University of California Berkeley,UCB,2015,,,,https://github.com/mine-cetinkaya-rundel/asa-datafest-dashboard/raw/main/data/past_winners/2015_UCB_NA.pdf,NA,NA,
NA,University of California Berkeley,UCB,2016,,,,https://github.com/mine-cetinkaya-rundel/asa-datafest-dashboard/raw/main/data/past_winners/2016_UCB_NA.pdf,NA,NA,
NA,University of California Berkeley,UCB,2017,,,,https://github.com/mine-cetinkaya-rundel/asa-datafest-dashboard/raw/main/data/past_winners/2017_UCB_NA.pdf,NA,NA,
NA,University of California Los Angeles,UCLA,2011,,,,https://github.com/mine-cetinkaya-rundel/asa-datafest-dashboard/raw/main/data/past_winners/2011_UCLA_NA.pdf,NA,NA,
NA,University of California Los Angeles,UCLA,2012,,,,https://github.com/mine-cetinkaya-rundel/asa-datafest-dashboard/raw/main/data/past_winners/2012_UCLA_NA.pdf,NA,NA,
NA,University of California Los Angeles,UCLA,2013,,,,https://github.com/mine-cetinkaya-rundel/asa-datafest-dashboard/raw/main/data/past_winners/2013_UCLA_NA.pdf,NA,NA,
NA,University of California Los Angeles,UCLA,2014,,,,https://github.com/mine-cetinkaya-rundel/asa-datafest-dashboard/raw/main/data/past_winners/2014_UCLA_NA.pdf,NA,NA,
NA,University of California Los Angeles,UCLA,2015,,,,https://github.com/mine-cetinkaya-rundel/asa-datafest-dashboard/raw/main/data/past_winners/2015_UCLA_NA.pdf,NA,NA,
NA,University of California Los Angeles,UCLA,2016,,,,https://github.com/mine-cetinkaya-rundel/asa-datafest-dashboard/raw/main/data/past_winners/2016_UCLA_NA.pdf,NA,NA,
NA,University of California Los Angeles,UCLA,2017,,,,https://github.com/mine-cetinkaya-rundel/asa-datafest-dashboard/raw/main/data/past_winners/2017_UCLA_NA.pdf,NA,NA,
NA,University of Mannheim,NA,2011,,,,https://github.com/mine-cetinkaya-rundel/asa-datafest-dashboard/raw/main/data/past_winners/2011__NA.pdf,NA,NA,
NA,University of Mannheim,NA,2012,,,,https://github.com/mine-cetinkaya-rundel/asa-datafest-dashboard/raw/main/data/past_winners/2012__NA.pdf,NA,NA,
NA,University of Mannheim,NA,2013,,,,https://github.com/mine-cetinkaya-rundel/asa-datafest-dashboard/raw/main/data/past_winners/2013__NA.pdf,NA,NA,
NA,University of Mannheim,NA,2014,,,,https://github.com/mine-cetinkaya-rundel/asa-datafest-dashboard/raw/main/data/past_winners/2014__NA.pdf,NA,NA,
NA,University of Mannheim,NA,2015,,,,https://github.com/mine-cetinkaya-rundel/asa-datafest-dashboard/raw/main/data/past_winners/2015__NA.pdf,NA,NA,
NA,University of Mannheim,NA,2016,,,,https://github.com/mine-cetinkaya-rundel/asa-datafest-dashboard/raw/main/data/past_winners/2016__NA.pdf,NA,NA,
NA,University of Mannheim,NA,2017,,,,https://github.com/mine-cetinkaya-rundel/asa-datafest-dashboard/raw/main/data/past_winners/2017__NA.pdf,NA,NA,
NA,University of Massachusets,NA,2011,,,,https://github.com/mine-cetinkaya-rundel/asa-datafest-dashboard/raw/main/data/past_winners/2011__NA.pdf,NA,NA,
NA,University of Massachusets,NA,2012,,,,https://github.com/mine-cetinkaya-rundel/asa-datafest-dashboard/raw/main/data/past_winners/2012__NA.pdf,NA,NA,
NA,University of Massachusets,NA,2013,,,,https://github.com/mine-cetinkaya-rundel/asa-datafest-dashboard/raw/main/data/past_winners/2013__NA.pdf,NA,NA,
NA,University of Massachusets,NA,2014,,,,https://github.com/mine-cetinkaya-rundel/asa-datafest-dashboard/raw/main/data/past_winners/2014__NA.pdf,NA,NA,
NA,University of Massachusets,NA,2015,,,,https://github.com/mine-cetinkaya-rundel/asa-datafest-dashboard/raw/main/data/past_winners/2015__NA.pdf,NA,NA,
NA,University of Massachusets,NA,2016,,,,https://github.com/mine-cetinkaya-rundel/asa-datafest-dashboard/raw/main/data/past_winners/2016__NA.pdf,NA,NA,
NA,University of Massachusets,NA,2017,,,,https://github.com/mine-cetinkaya-rundel/asa-datafest-dashboard/raw/main/data/past_winners/2017__NA.pdf,NA,NA,
NA,University of Missouri,Mizzou,2011,,,,https://github.com/mine-cetinkaya-rundel/asa-datafest-dashboard/raw/main/data/past_winners/2011_Mizzou.pdf,NA,NA,
NA,University of Missouri,Mizzou,2012,,,,https://github.com/mine-cetinkaya-rundel/asa-datafest-dashboard/raw/main/data/past_winners/2012_Mizzou.pdf,NA,NA,
NA,University of Missouri,Mizzou,2013,,,,https://github.com/mine-cetinkaya-rundel/asa-datafest-dashboard/raw/main/data/past_winners/2013_Mizzou.pdf,NA,NA,
NA,University of Missouri,Mizzou,2014,,,,https://github.com/mine-cetinkaya-rundel/asa-datafest-dashboard/raw/main/data/past_winners/2014_Mizzou.pdf,NA,NA,
NA,University of Missouri,Mizzou,2015,,,,https://github.com/mine-cetinkaya-rundel/asa-datafest-dashboard/raw/main/data/past_winners/2015_Mizzou.pdf,NA,NA,
NA,University of Missouri,Mizzou,2016,,,,https://github.com/mine-cetinkaya-rundel/asa-datafest-dashboard/raw/main/data/past_winners/2016_Mizzou.pdf,NA,NA,
BestInsight,University of Missouri,Mizzou,2017,HOW CUSTOMERS' APPROACH ON BOOKING THROUGH EXPEDIA,,"Wanyu Bian, Haoyang Li, Wenbin Zhou, Xiwen Yang",https://github.com/mine-cetinkaya-rundel/asa-datafest-dashboard/raw/main/data/past_winners/2017_Mizzou_BestInsight.pdf,NA,NA,
BestVisualization,University of Missouri,Mizzou,2017,DataFest 2017 ,Victorious Secret,"Roger Netherton, Rene Bosch, Zach Tallevast",https://github.com/mine-cetinkaya-rundel/asa-datafest-dashboard/raw/main/data/past_winners/2017_Mizzou_BestVisualization.pdf,NA,NA,
BestUseOfExternalData,University of Missouri,Mizzou,2017,How Long Do Families and Nonfamilies Stay in Popular Vacation Spots Using Expedia Data?,The Nonparametrics,"Thomas Baker, Rosa Dwyer, Audrey Hunt, Meaghan Pearson",https://github.com/mine-cetinkaya-rundel/asa-datafest-dashboard/raw/main/data/past_winners/2017_Mizzou_BestUseOfExternalData.pdf,NA,NA,
NA,University of New Mexico,UNM,2011,,,,https://github.com/mine-cetinkaya-rundel/asa-datafest-dashboard/raw/main/data/past_winners/2011_UNM_NA.pdf,NA,NA,
NA,University of New Mexico,UNM,2012,,,,https://github.com/mine-cetinkaya-rundel/asa-datafest-dashboard/raw/main/data/past_winners/2012_UNM_NA.pdf,NA,NA,
NA,University of New Mexico,UNM,2013,,,,https://github.com/mine-cetinkaya-rundel/asa-datafest-dashboard/raw/main/data/past_winners/2013_UNM_NA.pdf,NA,NA,
NA,University of New Mexico,UNM,2014,,,,https://github.com/mine-cetinkaya-rundel/asa-datafest-dashboard/raw/main/data/past_winners/2014_UNM_NA.pdf,NA,NA,
NA,University of New Mexico,UNM,2015,,,,https://github.com/mine-cetinkaya-rundel/asa-datafest-dashboard/raw/main/data/past_winners/2015_UNM_NA.pdf,NA,NA,
NA,University of New Mexico,UNM,2016,,,,https://github.com/mine-cetinkaya-rundel/asa-datafest-dashboard/raw/main/data/past_winners/2016_UNM_NA.pdf,NA,NA,
NA,University of New Mexico,UNM,2017,,,,https://github.com/mine-cetinkaya-rundel/asa-datafest-dashboard/raw/main/data/past_winners/2016_UNM_NA.pdf,NA,NA,
BestInsight,University of New Mexico,UNM,2017,DataFest 2017 ,Vizards,"Alex Fedorov, Eswar Damaraju, Rogers F Silva",https://github.com/mine-cetinkaya-rundel/asa-datafest-dashboard/raw/main/data/past_winners/2017_UNM_BestInsight.pdf,NA,NA,
BestVisualization,University of New Mexico,UNM,2017,Who Books Most?,The Tchebby Tchasers,"Alex, Elizabeth Benedict",https://github.com/mine-cetinkaya-rundel/asa-datafest-dashboard/raw/main/data/past_winners/2017_UNM_BestVisualization.pdf,NA,NA,
BestUseOfExternalData,University of New Mexico,UNM,2017,Hierarchical Clustering and Random Forests to Identify Hotel Rank,The Most Squares Problem,"Kyle Henke, Manish Bhattaral, Kellin Rumsey, Zach Stuart ",https://github.com/mine-cetinkaya-rundel/asa-datafest-dashboard/raw/main/data/past_winners/2017_UNM_BestUseOfExternalData.pdf,NA,NA,
NA,University of New Mexico,UNM,2018,,,,https://github.com/mine-cetinkaya-rundel/asa-datafest-dashboard/raw/main/data/past_winners/2018_UNM_NA.pdf,NA,NA,
NA,University of New Mexico,UNM,2019,,,,https://github.com/mine-cetinkaya-rundel/asa-datafest-dashboard/raw/main/data/past_winners/2019_UNM_NA.pdf,NA,NA,
NA,University of New Mexico,UNM,2020,,,,https://github.com/mine-cetinkaya-rundel/asa-datafest-dashboard/raw/main/data/past_winners/2020_UNM_NA.pdf,NA,NA,
NA,University of New Mexico,UNM,2021,,,,https://github.com/mine-cetinkaya-rundel/asa-datafest-dashboard/raw/main/data/past_winners/2021_UNM_NA.pdf,NA,NA,
NA,University of New Mexico,UNM,2022,,,,https://github.com/mine-cetinkaya-rundel/asa-datafest-dashboard/raw/main/data/past_winners/2022_UNM_NA.pdf,NA,NA,
NA,University of Toronto,UToronto,2011,,,,https://github.com/mine-cetinkaya-rundel/asa-datafest-dashboard/raw/main/data/past_winners/2011_UToronto_NA.pdf,NA,NA,
NA,University of Toronto,UToronto,2012,,,,https://github.com/mine-cetinkaya-rundel/asa-datafest-dashboard/raw/main/data/past_winners/2012_UToronto_NA.pdf,NA,NA,
NA,University of Toronto,UToronto,2013,,,,https://github.com/mine-cetinkaya-rundel/asa-datafest-dashboard/raw/main/data/past_winners/2013_UToronto_NA.pdf,NA,NA,
NA,University of Toronto,UToronto,2014,,,,https://github.com/mine-cetinkaya-rundel/asa-datafest-dashboard/raw/main/data/past_winners/2014_UToronto_NA.pdf,NA,NA,
NA,University of Toronto,UToronto,2015,,,,https://github.com/mine-cetinkaya-rundel/asa-datafest-dashboard/raw/main/data/past_winners/2015_UToronto_NA.pdf,NA,NA,
NA,University of Toronto,UToronto,2016,,,,https://github.com/mine-cetinkaya-rundel/asa-datafest-dashboard/raw/main/data/past_winners/2016_UToronto_NA.pdf,NA,NA,
NA,University of Toronto,UToronto,2017,,,,https://github.com/mine-cetinkaya-rundel/asa-datafest-dashboard/raw/main/data/past_winners/2017_UToronto_NA.pdf,NA,NA,
NA,University of Toronto,UToronto,2017,,,,https://github.com/mine-cetinkaya-rundel/asa-datafest-dashboard/raw/main/data/past_winners/2017_UToronto_NA.pdf,NA,NA,
NA,University of Toronto,UToronto,2018,,,,https://github.com/mine-cetinkaya-rundel/asa-datafest-dashboard/raw/main/data/past_winners/2018_UToronto_NA.pdf,NA,NA,
NA,University of Toronto,UToronto,2019,,,,https://github.com/mine-cetinkaya-rundel/asa-datafest-dashboard/raw/main/data/past_winners/2019_UToronto_NA.pdf,NA,NA,
NA,University of Toronto,UToronto,2020,,,,https://github.com/mine-cetinkaya-rundel/asa-datafest-dashboard/raw/main/data/past_winners/2020_UToronto_NA.pdf,NA,NA,
BestInsight,University of Toronto,UToronto,2021,Statistical Alysis and Presentation on Drug Misuses,,,https://github.com/mine-cetinkaya-rundel/asa-datafest-dashboard/raw/main/data/past_winners/2021__BestInsight.pdfUToronto_Best Insight.pdf,NA,NA,
BestVisualization,University of Toronto,UToronto,2021,Can Money Buy Happiness?,,,https://github.com/mine-cetinkaya-rundel/asa-datafest-dashboard/raw/main/data/past_winners/2021__BestVisualization.pdfUToronto_Best Visualization.pdf,NA,NA,
BestUseOfExternalData,University of Toronto,UToronto,2021,An Alysis of Demographic Patterns and Frequent Combitions of Drug Misuse in Cada,,,https://github.com/mine-cetinkaya-rundel/asa-datafest-dashboard/raw/main/data/past_winners/2021__BestUseOfExternalData.pdfUToronto_Best Use Of External Data.pdf,NA,NA,
BestInsight,University of Toronto,UToronto,2022,Elm City Stories Alysis,,,https://github.com/mine-cetinkaya-rundel/asa-datafest-dashboard/raw/main/data/past_winners/2022__BestInsight.pdfUToronto_Best Insight.pdf,NA,NA,
BestVisualization,University of Toronto,UToronto,2022,,PLAY2PREVENT Game Data Alysis,,https://github.com/mine-cetinkaya-rundel/asa-datafest-dashboard/raw/main/data/past_winners/2022__BestVisualization.pdfUToronto_Best Visualization.pdf,NA,NA,
BestUseOfExternalData,University of Toronto,UToronto,2022,,,,https://github.com/mine-cetinkaya-rundel/asa-datafest-dashboard/raw/main/data/past_winners/2022__BestUseOfExternalData.pdfUToronto_Best Use Of External Data.pdf,NA,NA,
NA,University of Virginia,NA,2011,,,,https://github.com/mine-cetinkaya-rundel/asa-datafest-dashboard/raw/main/data/past_winners/2011__NA.pdf,NA,NA,
NA,University of Virginia,NA,2012,,,,https://github.com/mine-cetinkaya-rundel/asa-datafest-dashboard/raw/main/data/past_winners/2012__NA.pdf,NA,NA,
NA,University of Virginia,NA,2013,,,,https://github.com/mine-cetinkaya-rundel/asa-datafest-dashboard/raw/main/data/past_winners/2013__NA.pdf,NA,NA,
NA,University of Virginia,NA,2014,,,,https://github.com/mine-cetinkaya-rundel/asa-datafest-dashboard/raw/main/data/past_winners/2014__NA.pdf,NA,NA,
NA,University of Virginia,NA,2015,,,,https://github.com/mine-cetinkaya-rundel/asa-datafest-dashboard/raw/main/data/past_winners/2015__NA.pdf,NA,NA,
NA,University of Virginia,NA,2016,,,,https://github.com/mine-cetinkaya-rundel/asa-datafest-dashboard/raw/main/data/past_winners/2016__NA.pdf,NA,NA,
NA,University of Virginia,NA,2017,,,,https://github.com/mine-cetinkaya-rundel/asa-datafest-dashboard/raw/main/data/past_winners/2017__NA.pdf,NA,NA,
NA,Vassar College,NA,2011,,,,https://github.com/mine-cetinkaya-rundel/asa-datafest-dashboard/raw/main/data/past_winners/2011__NA.pdf,NA,NA,
NA,Vassar College,NA,2012,,,,https://github.com/mine-cetinkaya-rundel/asa-datafest-dashboard/raw/main/data/past_winners/2012__NA.pdf,NA,NA,
NA,Vassar College,NA,2013,,,,https://github.com/mine-cetinkaya-rundel/asa-datafest-dashboard/raw/main/data/past_winners/2013__NA.pdf,NA,NA,
NA,Vassar College,NA,2014,,,,https://github.com/mine-cetinkaya-rundel/asa-datafest-dashboard/raw/main/data/past_winners/2014__NA.pdf,NA,NA,
NA,Vassar College,NA,2015,,,,https://github.com/mine-cetinkaya-rundel/asa-datafest-dashboard/raw/main/data/past_winners/2015__NA.pdf,NA,NA,
NA,Vassar College,NA,2016,,,,https://github.com/mine-cetinkaya-rundel/asa-datafest-dashboard/raw/main/data/past_winners/2016__NA.pdf,NA,NA,
NA,Vassar College,NA,2017,,,,https://github.com/mine-cetinkaya-rundel/asa-datafest-dashboard/raw/main/data/past_winners/2017__NA.pdf,NA,NA,
NA,Virginia Tech,NA,2011,,,,https://github.com/mine-cetinkaya-rundel/asa-datafest-dashboard/raw/main/data/past_winners/2011__NA.pdf,NA,NA,
NA,Virginia Tech,NA,2012,,,,https://github.com/mine-cetinkaya-rundel/asa-datafest-dashboard/raw/main/data/past_winners/2012__NA.pdf,NA,NA,
NA,Virginia Tech,NA,2013,,,,https://github.com/mine-cetinkaya-rundel/asa-datafest-dashboard/raw/main/data/past_winners/2013__NA.pdf,NA,NA,
NA,Virginia Tech,NA,2014,,,,https://github.com/mine-cetinkaya-rundel/asa-datafest-dashboard/raw/main/data/past_winners/2014__NA.pdf,NA,NA,
NA,Virginia Tech,NA,2015,,,,https://github.com/mine-cetinkaya-rundel/asa-datafest-dashboard/raw/main/data/past_winners/2015__NA.pdf,NA,NA,
NA,Virginia Tech,NA,2016,,,,https://github.com/mine-cetinkaya-rundel/asa-datafest-dashboard/raw/main/data/past_winners/2016__NA.pdf,NA,NA,
NA,Virginia Tech,NA,2017,,,,https://github.com/mine-cetinkaya-rundel/asa-datafest-dashboard/raw/main/data/past_winners/2017__NA.pdf,NA,NA,
NA,Wellesley College,NA,2011,,,,https://github.com/mine-cetinkaya-rundel/asa-datafest-dashboard/raw/main/data/past_winners/2011__NA.pdf,NA,NA,https://github.com/jiecai1997/covis19
NA,Wellesley College,NA,2012,,,,https://github.com/mine-cetinkaya-rundel/asa-datafest-dashboard/raw/main/data/past_winners/2012__NA.pdf,NA,NA,
NA,Wellesley College,NA,2013,,,,https://github.com/mine-cetinkaya-rundel/asa-datafest-dashboard/raw/main/data/past_winners/2013__NA.pdf,NA,NA,
NA,Wellesley College,NA,2014,,,,https://github.com/mine-cetinkaya-rundel/asa-datafest-dashboard/raw/main/data/past_winners/2014__NA.pdf,NA,NA,
NA,Wellesley College,NA,2015,,,,https://github.com/mine-cetinkaya-rundel/asa-datafest-dashboard/raw/main/data/past_winners/2015__NA.pdf,NA,NA,
NA,Wellesley College,NA,2016,,,,https://github.com/mine-cetinkaya-rundel/asa-datafest-dashboard/raw/main/data/past_winners/2016__NA.pdf,NA,NA,
NA,Wellesley College,NA,2017,,,,https://github.com/mine-cetinkaya-rundel/asa-datafest-dashboard/raw/main/data/past_winners/2017__NA.pdf,NA,NA,
NA,Wesleyan University,NA,2011,,,,https://github.com/mine-cetinkaya-rundel/asa-datafest-dashboard/raw/main/data/past_winners/2011__NA.pdf,NA,NA,
NA,Wesleyan University,NA,2012,,,,https://github.com/mine-cetinkaya-rundel/asa-datafest-dashboard/raw/main/data/past_winners/2012__NA.pdf,NA,NA,
NA,Wesleyan University,NA,2013,,,,https://github.com/mine-cetinkaya-rundel/asa-datafest-dashboard/raw/main/data/past_winners/2013__NA.pdf,NA,NA,
NA,Wesleyan University,NA,2014,,,,https://github.com/mine-cetinkaya-rundel/asa-datafest-dashboard/raw/main/data/past_winners/2014__NA.pdf,NA,NA,
NA,Wesleyan University,NA,2015,,,,https://github.com/mine-cetinkaya-rundel/asa-datafest-dashboard/raw/main/data/past_winners/2015__NA.pdf,NA,NA,
NA,Wesleyan University,NA,2016,,,,https://github.com/mine-cetinkaya-rundel/asa-datafest-dashboard/raw/main/data/past_winners/2016__NA.pdf,NA,NA,
NA,Wesleyan University,NA,2017,,,,https://github.com/mine-cetinkaya-rundel/asa-datafest-dashboard/raw/main/data/past_winners/2017__NA.pdf,NA,NA,
BestInsight,University of Missouri,Mizzou,2018,,Sig-Moidal,"Abdulah Sibalo, Matt Yount, Joel Hereth",https://github.com/mine-cetinkaya-rundel/asa-datafest-dashboard/raw/main/data/past_winners/2018_Mizzou_BestInsight.pdf,NA,NA,
BestUseOfExternalData,University of Missouri,Mizzou,2018," A Good Location, Indeed",The Number Crunchers,"Giulietta Brunetti, Peter Smyrniotis, Peyton Mounce, Quentin James, Sean Odrowski",https://github.com/mine-cetinkaya-rundel/asa-datafest-dashboard/raw/main/data/past_winners/2018_Mizzou_BestUseOfExternalData.pdf,NA,NA,
BestVisualization,University of Missouri,Mizzou,2018,,Truman Team 1,"bin Karki, Caleb Jones, Mengqing Zhang, Rudy rtker",https://github.com/mine-cetinkaya-rundel/asa-datafest-dashboard/raw/main/data/past_winners/2018_Mizzou_BestVisualization.pdf,NA,NA,
BestInsight,University of Missouri,Mizzou,2019,"""Figure""-ing Fatigue",Best Looking Undergraduate Estimators,,https://github.com/mine-cetinkaya-rundel/asa-datafest-dashboard/raw/main/data/past_winners/2019_Mizzou_BestInsight.pdf,NA,NA,
BestUseOfExternalData,University of Missouri,Mizzou,2019,Fatigue and Rugby,,"Amelia Coyne, Daniel Gernder, Kai Murphy, Jason Odom",https://github.com/mine-cetinkaya-rundel/asa-datafest-dashboard/raw/main/data/past_winners/201_Mizzou_BestUseOfExternalData.pdf,NA,NA,
BestVisualization,University of Missouri,Mizzou,2019,Predicting Win/Loss in Rugby,,"Troy Brocaw, Wyatt Gregory, Nick Wahl",https://github.com/mine-cetinkaya-rundel/asa-datafest-dashboard/raw/main/data/past_winners/2019_Mizzou_BestVisualization.pdf,NA,NA,