timestamp,host,city,state,country,url,address,lon,lat,year,df,num_part,other_inst,major_dist,winners_insight,winners_visualization,winners_external,Remarks
NA,Arizona State University,Tempe,Arizona,USA,https://math.asu.edu/datafest-2022,"Tempe, AZ",-111.8658,33.3289,2011,No,NA,NA,NA,NA,NA,NA,
NA,Arizona State University,Tempe,Arizona,USA,https://math.asu.edu/datafest-2022,"Tempe, AZ",-111.8658,33.3289,2012,No,NA,NA,NA,NA,NA,NA,
NA,Arizona State University,Tempe,Arizona,USA,https://math.asu.edu/datafest-2022,"Tempe, AZ",-111.8658,33.3289,2013,No,NA,NA,NA,NA,NA,NA,
NA,Arizona State University,Tempe,Arizona,USA,https://math.asu.edu/datafest-2022,"Tempe, AZ",-111.8658,33.3289,2014,No,NA,NA,NA,NA,NA,NA,
NA,Arizona State University,Tempe,Arizona,USA,https://math.asu.edu/datafest-2022,"Tempe, AZ",-111.8658,33.3289,2015,No,NA,NA,NA,NA,NA,NA,
NA,Arizona State University,Tempe,Arizona,USA,https://math.asu.edu/datafest-2022,"Tempe, AZ",-111.8658,33.3289,2016,No,NA,NA,NA,NA,NA,NA,
6/1/2022 8:48,Arizona State University,Tempe,Arizona,USA,https://math.asu.edu/datafest-2022,"Tempe, AZ",-111.8658,33.3289,2017,Yes,NA,NA,NA,NA,NA,NA,
6/1/2022 8:48,Arizona State University,Tempe,Arizona,USA,https://math.asu.edu/datafest-2022,"Tempe, AZ",-111.8658,33.3289,2018,Yes,53,NA,statistics:26.4%;data analytics:17%;computer science:15.1%;actuarial science:13.2%;applied mathematics:9.4%;engineering:9.4%;computational mathematical sciences:5.7%;bmi:1.9%;mathematics:1.9%,Visualizing Job Growth in Industries Over Time: a â€œShinyâ€ and â€œLeafletâ€ Application in R,Team Morale by Hour of DataFest,Clicks for the job,
6/1/2022 8:48,Arizona State University,Tempe,Arizona,USA,https://math.asu.edu/datafest-2022,"Tempe, AZ",-111.8658,33.3289,2019,Yes,57,NA,computer science:26.3%;engineering:19.3%;mathematics:19.3%;statistics:14%;data analytics:8.8%;economics:3.5%;biochemistry:1.8%;computational mathematical sciences:1.8%;global management:1.8%;marketing:1.8%;psychological science:1.8%,Optimizing Rugby Training U nder Fatigue,Data TheraPy,Results of Logistic Regression for Pain,
6/1/2022 8:48,Arizona State University,Tempe,Arizona,USA,https://math.asu.edu/datafest-2022,"Tempe, AZ",-111.8658,33.3289,2020,Yes,NA,NA,NA,NA,NA,NA,
6/1/2022 8:48,Arizona State University,Tempe,Arizona,USA,https://math.asu.edu/datafest-2022,"Tempe, AZ",-111.8658,33.3289,2021,Yes,58,NA,Mathematics:19%;Statistics:29.3%;Engineering:31%;Natural Science:5.2%;Social Science:8.6%; Undeclared:6.9%,RISK FACTORS ASSOCIATED WITH DRUG MISUSE & FEATURE REDUCTION,Investigating Indicators of High Non-Medical Drug Use Among the United State's Indigenous Populations,Drug Misuse Exploration,
6/1/2022 8:48,Arizona State University,Tempe,Arizona,USA,https://math.asu.edu/datafest-2022,"Tempe, AZ",-111.8658,33.3289,2022,Yes,68,NA,Mathematics:11.8%;Statistics:30.9%;Engineering:39.7%;Natural Science:8.8%;Social Science:4.4%; Undeclared:4.4%,"WEâ€™RE SKEWED, MINIGAME 2 IS SKEWED, WEâ€™RE ALL SKEWED!",No Pi Charts,Team 14,
NA,Australian National University,NA,NA,Australia,NA,"Canberra, ACT, Australia",149.1183238,-35.28105184,2011,No,NA,NA,NA,NA,NA,NA,
NA,Australian National University,NA,NA,Australia,NA,"Canberra, ACT, Australia",149.1183238,-35.28105184,2012,No,NA,NA,NA,NA,NA,NA,
NA,Australian National University,NA,NA,Australia,NA,"Canberra, ACT, Australia",149.1183238,-35.28105184,2013,No,NA,NA,NA,NA,NA,NA,
NA,Australian National University,NA,NA,Australia,NA,"Canberra, ACT, Australia",149.1183238,-35.28105184,2014,No,NA,NA,NA,NA,NA,NA,
NA,Australian National University,NA,NA,Australia,NA,"Canberra, ACT, Australia",149.1183238,-35.28105184,2015,No,NA,NA,NA,NA,NA,NA,
NA,Australian National University,NA,NA,Australia,NA,"Canberra, ACT, Australia",149.1183238,-35.28105184,2016,No,NA,NA,NA,NA,NA,NA,
6/4/2022 21:41,Australian National University,NA,NA,Australia,NA,"Canberra, ACT, Australia",149.1183238,-35.28105184,2017,Yes,NA,NA,NA,NA,NA,NA,
6/4/2022 21:41,Australian National University,Canberra,Australian Capital Territory,Australia,NA,"Canberra, ACT, Australia",149.1183238,-35.28105184,2018,Yes,NA,NA,NA,NA,NA,NA,
6/4/2022 21:41,Australian National University,Canberra,Australian Capital Territory,Australia,NA,"Canberra, ACT, Australia",149.1183238,-35.28105184,2019,Yes,NA,NA,NA,NA,NA,NA,
6/4/2022 21:41,Australian National University,Canberra,Australian Capital Territory,Australia,NA,"Canberra, ACT, Australia",149.1183238,-35.28105184,2020,Yes,NA,NA,NA,NA,NA,NA,
6/4/2022 21:41,Australian National University,Canberra,Australian Capital Territory,Australia,NA,"Canberra, ACT, Australia",149.1183238,-35.28105184,2021,Yes,NA,NA,NA,NA,NA,NA,
6/4/2022 21:41,Australian National University,Canberra,Australian Capital Territory,Australia,NA,"Canberra, ACT, Australia",149.1183238,-35.28105184,2022,Yes,NA,NA,NA,NA,NA,NA,
NA,Brown University,Providence,Rhode Island,USA,NA,Providence Rhode Island USA,-71.4128343,41.8239891,2011,No,NA,NA,NA,NA,NA,NA,
NA,Brown University,Providence,Rhode Island,USA,NA,Providence Rhode Island USA,-71.4128343,41.8239891,2012,No,NA,NA,NA,NA,NA,NA,
NA,Brown University,Providence,Rhode Island,USA,NA,Providence Rhode Island USA,-71.4128343,41.8239891,2013,No,NA,NA,NA,NA,NA,NA,
NA,Brown University,Providence,Rhode Island,USA,NA,Providence Rhode Island USA,-71.4128343,41.8239891,2014,No,NA,NA,NA,NA,NA,NA,
NA,Brown University,Providence,Rhode Island,USA,NA,Providence Rhode Island USA,-71.4128343,41.8239891,2015,No,NA,NA,NA,NA,NA,NA,
NA,Brown University,Providence,Rhode Island,USA,NA,Providence Rhode Island USA,-71.4128343,41.8239891,2016,No,NA,NA,NA,NA,NA,NA,
NA,Brown University,Providence,Rhode Island,USA,NA,Providence Rhode Island USA,-71.4128343,41.8239891,2017,Yes,40,NA,NA,NA,NA,NA,
NA,Brown University,Providence,Rhode Island,USA,NA,Providence Rhode Island USA,-71.4128343,41.8239891,2018,No,NA,NA,NA,NA,NA,NA,Data yet to be received/ Not received
NA,Brown University,Providence,Rhode Island,USA,NA,Providence Rhode Island USA,-71.4128343,41.8239891,2019,No,NA,NA,NA,NA,NA,NA,Data yet to be received/ Not received
NA,Brown University,Providence,Rhode Island,USA,NA,Providence Rhode Island USA,-71.4128343,41.8239891,2020,No,NA,NA,NA,NA,NA,NA,Data yet to be received/ Not received
NA,Brown University,Providence,Rhode Island,USA,NA,Providence Rhode Island USA,-71.4128343,41.8239891,2021,No,NA,NA,NA,NA,NA,NA,Data yet to be received/ Not received
NA,Brown University,Providence,Rhode Island,USA,NA,Providence Rhode Island USA,-71.4128343,41.8239891,2022,No,NA,NA,NA,NA,NA,NA,Data yet to be received/ Not received
,"California State University, Chico",Chico,California,USA,https://chicodatafest.netlify.app/,Chico California USA,-121.8444,39.7458,2011,No,NA,NA,NA,NA,NA,NA,
,"California State University, Chico",Chico,California,USA,https://chicodatafest.netlify.app/,Chico California USA,-121.8444,39.7458,2012,No,NA,NA,NA,NA,NA,NA,
,"California State University, Chico",Chico,California,USA,https://chicodatafest.netlify.app/,Chico California USA,-121.8444,39.7458,2013,No,NA,NA,NA,NA,NA,NA,
,"California State University, Chico",Chico,California,USA,https://chicodatafest.netlify.app/,Chico California USA,-121.8444,39.7458,2014,No,NA,NA,NA,NA,NA,NA,
,"California State University, Chico",Chico,California,USA,https://chicodatafest.netlify.app/,Chico California USA,-121.8444,39.7458,2015,No,NA,NA,NA,NA,NA,NA,
,"California State University, Chico",Chico,California,USA,https://chicodatafest.netlify.app/,Chico California USA,-121.8444,39.7458,2016,No,NA,NA,NA,NA,NA,NA,
,"California State University, Chico",Chico,California,USA,https://chicodatafest.netlify.app/,Chico California USA,-121.8444,39.7458,2017,No,NA,NA,NA,NA,NA,NA,
,"California State University, Chico",Chico,California,USA,https://chicodatafest.netlify.app/,Chico California USA,-121.8444,39.7458,2018,Yes,13,NA,"Statistics (4), Computer science, information systems, engineering (4), Applied math (1) biology (1), Civil engineering (1), unknown (2)",Best discovery: Build the perfect job posting,Indeed Data Exploration,A path to your future: Steps to succeeding in a capitalist society,
,"California State University, Chico",Chico,California,USA,https://chicodatafest.netlify.app/,Chico California USA,-121.8444,39.7458,2019,Yes,31,CSU Sacramento,"Management information systems (9), Mathematics & Statistics (8), Computer science, engineering and information systems (9), Physics (4)",Best Discovery: Predicting In-Game  Metrics to Maximize Point Differentials for Women’s Canadian Rugby,No title - Team RE(sps),No title - Team Kwonsu Bus,
,"California State University, Chico",Chico,California,USA,https://chicodatafest.netlify.app/,Chico California USA,-121.8444,39.7458,2020,No,NA,NA,NA,NA,NA,NA,
,"California State University, Chico",Chico,California,USA,https://chicodatafest.netlify.app/,Chico California USA,-121.8444,39.7458,2021,No,NA,NA,NA,NA,NA,NA,
,"California State University, Chico",Chico,California,USA,https://chicodatafest.netlify.app/,Chico California USA,-121.8444,39.7458,2022,Yes,29,Sacramento State,"Computer Science (14), Mathematics & Statistics (9), Engineering (2), Biology(1), Public policy (1), business information systems (1)",No title - Team K-wildcat,No title - Team Money,NA,
4/27/2017 16:06,Case Western Reserve University,Cleveland,Ohio,USA,http://mathstats.case.edu/datafest-2017/,Cleveland Ohio USA,-81.6943605,41.49932,2011,No,NA,NA,NA,NA,NA,NA,
4/27/2017 16:06,Case Western Reserve University,Cleveland,Ohio,USA,http://mathstats.case.edu/datafest-2017/,Cleveland Ohio USA,-81.6943605,41.49932,2012,No,NA,NA,NA,NA,NA,NA,
4/27/2017 16:06,Case Western Reserve University,Cleveland,Ohio,USA,http://mathstats.case.edu/datafest-2017/,Cleveland Ohio USA,-81.6943605,41.49932,2013,No,NA,NA,NA,NA,NA,NA,
4/27/2017 16:06,Case Western Reserve University,Cleveland,Ohio,USA,http://mathstats.case.edu/datafest-2017/,Cleveland Ohio USA,-81.6943605,41.49932,2014,No,NA,NA,NA,NA,NA,NA,
4/27/2017 16:06,Case Western Reserve University,Cleveland,Ohio,USA,http://mathstats.case.edu/datafest-2017/,Cleveland Ohio USA,-81.6943605,41.49932,2015,No,NA,NA,NA,NA,NA,NA,
4/27/2017 16:06,Case Western Reserve University,Cleveland,Ohio,USA,http://mathstats.case.edu/datafest-2017/,Cleveland Ohio USA,-81.6943605,41.49932,2016,No,NA,NA,NA,NA,NA,NA,
4/27/2017 16:06,Case Western Reserve University,Cleveland,Ohio,USA,http://mathstats.case.edu/datafest-2017/,Cleveland Ohio USA,-81.6943605,41.49932,2017,Yes,16,NA,NA,NA,NA,NA,
,Case Western Reserve University,Cleveland,Ohio,USA,http://mathstats.case.edu/datafest-2017/,Cleveland Ohio USA,-81.6943605,41.49932,2018,No,NA,NA,NA,NA,NA,NA,Data yet to be received/ Not received
,Case Western Reserve University,Cleveland,Ohio,USA,http://mathstats.case.edu/datafest-2017/,Cleveland Ohio USA,-81.6943605,41.49932,2019,No,NA,NA,NA,NA,NA,NA,Data yet to be received/ Not received
,Case Western Reserve University,Cleveland,Ohio,USA,http://mathstats.case.edu/datafest-2017/,Cleveland Ohio USA,-81.6943605,41.49932,2020,No,NA,NA,NA,NA,NA,NA,Data yet to be received/ Not received
,Case Western Reserve University,Cleveland,Ohio,USA,http://mathstats.case.edu/datafest-2017/,Cleveland Ohio USA,-81.6943605,41.49932,2021,No,NA,NA,NA,NA,NA,NA,Data yet to be received/ Not received
,Case Western Reserve University,Cleveland,Ohio,USA,http://mathstats.case.edu/datafest-2017/,Cleveland Ohio USA,-81.6943605,41.49932,2022,No,NA,NA,NA,NA,NA,NA,Data yet to be received/ Not received
4/25/2017 16:19,Chapman University,Orange,California,USA,http://www.chapman.edu/scst/conferences-and-events/datafest.aspx,Orange California USA,-117.8531007,33.7879139,2011,No,NA,NA,NA,NA,NA,NA,
4/25/2017 16:19,Chapman University,Orange,California,USA,http://www.chapman.edu/scst/conferences-and-events/datafest.aspx,Orange California USA,-117.8531007,33.7879139,2012,No,NA,NA,NA,NA,NA,NA,
4/25/2017 16:19,Chapman University,Orange,California,USA,http://www.chapman.edu/scst/conferences-and-events/datafest.aspx,Orange California USA,-117.8531007,33.7879139,2013,No,NA,NA,NA,NA,NA,NA,
4/25/2017 16:19,Chapman University,Orange,California,USA,http://www.chapman.edu/scst/conferences-and-events/datafest.aspx,Orange California USA,-117.8531007,33.7879139,2014,No,NA,NA,NA,NA,NA,NA,
4/25/2017 16:19,Chapman University,Orange,California,USA,http://www.chapman.edu/scst/conferences-and-events/datafest.aspx,Orange California USA,-117.8531007,33.7879139,2015,No,NA,NA,NA,NA,NA,NA,
4/25/2017 16:19,Chapman University,Orange,California,USA,http://www.chapman.edu/scst/conferences-and-events/datafest.aspx,Orange California USA,-117.8531007,33.7879139,2016,No,NA,NA,NA,NA,NA,NA,
4/25/2017 16:19,Chapman University,Orange,California,USA,http://www.chapman.edu/scst/conferences-and-events/datafest.aspx,Orange California USA,-117.8531007,33.7879139,2017,Yes,65,"UCSB, CSUN, USC, CSUF, UCI",NA,NA,NA,NA,
,Chapman University,Orange,California,USA,http://www.chapman.edu/scst/conferences-and-events/datafest.aspx,Orange California USA,-117.8531007,33.7879139,2018,No,NA,NA,NA,NA,NA,NA,Data yet to be received/ Not received
,Chapman University,Orange,California,USA,http://www.chapman.edu/scst/conferences-and-events/datafest.aspx,Orange California USA,-117.8531007,33.7879139,2019,No,NA,NA,NA,NA,NA,NA,Data yet to be received/ Not received
,Chapman University,Orange,California,USA,http://www.chapman.edu/scst/conferences-and-events/datafest.aspx,Orange California USA,-117.8531007,33.7879139,2020,No,NA,NA,NA,NA,NA,NA,Data yet to be received/ Not received
,Chapman University,Orange,California,USA,http://www.chapman.edu/scst/conferences-and-events/datafest.aspx,Orange California USA,-117.8531007,33.7879139,2021,No,NA,NA,NA,NA,NA,NA,Data yet to be received/ Not received
,Chapman University,Orange,California,USA,http://www.chapman.edu/scst/conferences-and-events/datafest.aspx,Orange California USA,-117.8531007,33.7879139,2022,No,NA,NA,NA,NA,NA,NA,Data yet to be received/ Not received
4/25/2017 15:30,Cleveland State University,Cleveland,Ohio,USA,https://sites.google.com/view/csudatafest/home,Cleveland Ohio USA,-81.6943605,41.49932,2011,No,NA,NA,NA,NA,NA,NA,
4/25/2017 15:30,Cleveland State University,Cleveland,Ohio,USA,https://sites.google.com/view/csudatafest/home,Cleveland Ohio USA,-81.6943605,41.49932,2012,No,NA,NA,NA,NA,NA,NA,
4/25/2017 15:30,Cleveland State University,Cleveland,Ohio,USA,https://sites.google.com/view/csudatafest/home,Cleveland Ohio USA,-81.6943605,41.49932,2013,No,NA,NA,NA,NA,NA,NA,
4/25/2017 15:30,Cleveland State University,Cleveland,Ohio,USA,https://sites.google.com/view/csudatafest/home,Cleveland Ohio USA,-81.6943605,41.49932,2014,No,NA,NA,NA,NA,NA,NA,
4/25/2017 15:30,Cleveland State University,Cleveland,Ohio,USA,https://sites.google.com/view/csudatafest/home,Cleveland Ohio USA,-81.6943605,41.49932,2015,No,NA,NA,NA,NA,NA,NA,
4/25/2017 15:30,Cleveland State University,Cleveland,Ohio,USA,https://sites.google.com/view/csudatafest/home,Cleveland Ohio USA,-81.6943605,41.49932,2016,No,NA,NA,NA,NA,NA,NA,
4/25/2017 15:30,Cleveland State University,Cleveland,Ohio,USA,https://sites.google.com/view/csudatafest/home,Cleveland Ohio USA,-81.6943605,41.49932,2017,Yes,25,NA,NA,NA,NA,NA,
,Cleveland State University,Cleveland,Ohio,USA,https://sites.google.com/view/csudatafest/home,Cleveland Ohio USA,-81.6943605,41.49932,2018,No,NA,NA,NA,NA,NA,NA,Data yet to be received/ Not received
,Cleveland State University,Cleveland,Ohio,USA,https://sites.google.com/view/csudatafest/home,Cleveland Ohio USA,-81.6943605,41.49932,2019,No,NA,NA,NA,NA,NA,NA,Data yet to be received/ Not received
,Cleveland State University,Cleveland,Ohio,USA,https://sites.google.com/view/csudatafest/home,Cleveland Ohio USA,-81.6943605,41.49932,2020,No,NA,NA,NA,NA,NA,NA,Data yet to be received/ Not received
,Cleveland State University,Cleveland,Ohio,USA,https://sites.google.com/view/csudatafest/home,Cleveland Ohio USA,-81.6943605,41.49932,2021,No,NA,NA,NA,NA,NA,NA,Data yet to be received/ Not received
,Cleveland State University,Cleveland,Ohio,USA,https://sites.google.com/view/csudatafest/home,Cleveland Ohio USA,-81.6943605,41.49932,2022,No,NA,NA,NA,NA,NA,NA,Data yet to be received/ Not received
,Colby College,Waterville,Maine,USA,https://web.colby.edu/datascience/datafest-2021/,"Waterville, ME, USA",-69.66284005,44.56388437,2011,No,NA,NA,NA,NA,NA,NA,Data yet to be received/ Not received
,Colby College,Waterville,Maine,USA,https://web.colby.edu/datascience/datafest-2021/,"Waterville, ME, USA",-69.66284005,44.56388437,2012,No,NA,NA,NA,NA,NA,NA,Data yet to be received/ Not received
,Colby College,Waterville,Maine,USA,https://web.colby.edu/datascience/datafest-2021/,"Waterville, ME, USA",-69.66284005,44.56388437,2013,No,NA,NA,NA,NA,NA,NA,Data yet to be received/ Not received
,Colby College,Waterville,Maine,USA,https://web.colby.edu/datascience/datafest-2021/,"Waterville, ME, USA",-69.66284005,44.56388437,2014,No,NA,NA,NA,NA,NA,NA,Data yet to be received/ Not received
,Colby College,Waterville,Maine,USA,https://web.colby.edu/datascience/datafest-2021/,"Waterville, ME, USA",-69.66284005,44.56388437,2015,No,NA,NA,NA,NA,NA,NA,Data yet to be received/ Not received
,Colby College,Waterville,Maine,USA,https://web.colby.edu/datascience/datafest-2021/,"Waterville, ME, USA",-69.66284005,44.56388437,2016,No,NA,NA,NA,NA,NA,NA,Data yet to be received/ Not received
,Colby College,Waterville,Maine,USA,https://web.colby.edu/datascience/datafest-2021/,"Waterville, ME, USA",-69.66284005,44.56388437,2017,No,NA,NA,NA,NA,NA,NA,Data yet to be received/ Not received
,Colby College,Waterville,Maine,USA,https://web.colby.edu/datascience/datafest-2021/,"Waterville, ME, USA",-69.66284005,44.56388437,2018,No,NA,NA,NA,NA,NA,NA,Data yet to be received/ Not received
,Colby College,Waterville,Maine,USA,https://web.colby.edu/datascience/datafest-2021/,"Waterville, ME, USA",-69.66284005,44.56388437,2019,No,NA,NA,NA,NA,NA,NA,Data yet to be received/ Not received
,Colby College,Waterville,Maine,USA,https://web.colby.edu/datascience/datafest-2021/,"Waterville, ME, USA",-69.66284005,44.56388437,2020,No,NA,NA,NA,NA,NA,NA,Data yet to be received/ Not received
29/06/22 14:42,Colby College,Waterville,Maine,USA,https://web.colby.edu/datascience/datafest-2021/,"Waterville, ME, USA",-69.66284005,44.56388437,2021,Yes,33,"Bates College, Bowdoin College, College of the Atlantic",,,,,
4/26/2017 9:40,Columbia University,New York,New York,USA,http://blogs.cuit.columbia.edu/statisticsclub/events/spring-datafest-2017/,New York New York USA,-74.0059413,40.7127837,2011,No,NA,NA,NA,NA,NA,NA,
4/26/2017 9:40,Columbia University,New York,New York,USA,http://blogs.cuit.columbia.edu/statisticsclub/events/spring-datafest-2017/,New York New York USA,-74.0059413,40.7127837,2012,No,NA,NA,NA,NA,NA,NA,
4/26/2017 9:40,Columbia University,New York,New York,USA,http://blogs.cuit.columbia.edu/statisticsclub/events/spring-datafest-2017/,New York New York USA,-74.0059413,40.7127837,2013,No,NA,NA,NA,NA,NA,NA,
4/26/2017 9:40,Columbia University,New York,New York,USA,http://blogs.cuit.columbia.edu/statisticsclub/events/spring-datafest-2017/,New York New York USA,-74.0059413,40.7127837,2014,No,NA,NA,NA,NA,NA,NA,
4/26/2017 9:40,Columbia University,New York,New York,USA,http://blogs.cuit.columbia.edu/statisticsclub/events/spring-datafest-2017/,New York New York USA,-74.0059413,40.7127837,2015,No,NA,NA,NA,NA,NA,NA,
4/26/2017 9:40,Columbia University,New York,New York,USA,http://blogs.cuit.columbia.edu/statisticsclub/events/spring-datafest-2017/,New York New York USA,-74.0059413,40.7127837,2016,No,NA,NA,NA,NA,NA,NA,
4/26/2017 9:40,Columbia University,New York,New York,USA,http://blogs.cuit.columbia.edu/statisticsclub/events/spring-datafest-2017/,New York New York USA,-74.0059413,40.7127837,2017,Yes,45,NA,NA,NA,NA,NA,
6/2/2022 14:54,Columbia University,New York,New York,USA,https://econ.columbia.edu/data-fest-columbia-statistics-club-march-25-27/,"New York, NY",-73.96259416,40.807503,2018,Yes,NA,NA,NA,NA,NA,NA,
6/2/2022 14:54,Columbia University,New York,New York,USA,https://econ.columbia.edu/data-fest-columbia-statistics-club-march-25-27/,"New York, NY",-73.96259416,40.807503,2019,Yes,NA,NA,NA,NA,NA,NA,
6/2/2022 14:54,Columbia University,New York,New York,USA,https://econ.columbia.edu/data-fest-columbia-statistics-club-march-25-27/,"New York, NY",-73.96259416,40.807503,2020,Yes,NA,NA,NA,NA,NA,NA,
6/2/2022 14:54,Columbia University,New York,New York,USA,https://econ.columbia.edu/data-fest-columbia-statistics-club-march-25-27/,"New York, NY",-73.96259416,40.807503,2021,Yes,10,NA,Statistics; Computer Science; Data science,NA,NA,NA,
6/2/2022 14:54,Columbia University,New York,New York,USA,https://econ.columbia.edu/data-fest-columbia-statistics-club-march-25-27/,"New York, NY",-73.96259416,40.807503,2022,Yes,6,NA,Statistics; Data science,NA,IS GAMEPLAY BEHAVIOR ASSOCIATED WITH EFFICACY IN RESISTING DRUGS?,NA,
4/25/2017 14:32,Davidson College,Davidson,North Carolina,USA,https://www.davidson.edu/academics/mathematics-and-computer-science/student-activities/competitions/datafest,Davidson North Carolina USA,-80.8486846,35.4993031,2011,No,NA,NA,NA,NA,NA,NA,
4/25/2017 14:32,Davidson College,Davidson,North Carolina,USA,https://www.davidson.edu/academics/mathematics-and-computer-science/student-activities/competitions/datafest,Davidson North Carolina USA,-80.8486846,35.4993031,2012,No,NA,NA,NA,NA,NA,NA,
4/25/2017 14:32,Davidson College,Davidson,North Carolina,USA,https://www.davidson.edu/academics/mathematics-and-computer-science/student-activities/competitions/datafest,Davidson North Carolina USA,-80.8486846,35.4993031,2013,No,NA,NA,NA,NA,NA,NA,
4/25/2017 14:32,Davidson College,Davidson,North Carolina,USA,https://www.davidson.edu/academics/mathematics-and-computer-science/student-activities/competitions/datafest,Davidson North Carolina USA,-80.8486846,35.4993031,2014,No,NA,NA,NA,NA,NA,NA,
4/25/2017 14:32,Davidson College,Davidson,North Carolina,USA,https://www.davidson.edu/academics/mathematics-and-computer-science/student-activities/competitions/datafest,Davidson North Carolina USA,-80.8486846,35.4993031,2015,No,NA,NA,NA,NA,NA,NA,
4/25/2017 14:32,Davidson College,Davidson,North Carolina,USA,https://www.davidson.edu/academics/mathematics-and-computer-science/student-activities/competitions/datafest,Davidson North Carolina USA,-80.8486846,35.4993031,2016,No,NA,NA,NA,NA,NA,NA,
4/25/2017 14:32,Davidson College,Davidson,North Carolina,USA,https://www.davidson.edu/academics/mathematics-and-computer-science/student-activities/competitions/datafest,Davidson North Carolina USA,-80.8486846,35.4993031,2017,Yes,48,NA,NA,NA,NA,NA,
4/25/2017 14:17,Duke University,Durham,North Carolina,USA,http://stat.duke.edu/datafest,Durham North Carolina USA,-78.898619,35.9940329,2011,No,NA,NA,NA,NA,NA,NA,
4/25/2017 14:17,Duke University,Durham,North Carolina,USA,http://stat.duke.edu/datafest,Durham North Carolina USA,-78.898619,35.9940329,2012,Yes,23,NA,NA,NA,NA,NA,
4/25/2017 14:17,Duke University,Durham,North Carolina,USA,http://stat.duke.edu/datafest,Durham North Carolina USA,-78.898619,35.9940329,2013,Yes,52,"UNC Chapel Hill, NC State",NA,NA,NA,NA,
4/25/2017 14:17,Duke University,Durham,North Carolina,USA,http://stat.duke.edu/datafest,Durham North Carolina USA,-78.898619,35.9940329,2014,Yes,112,"UNC Chapel Hill, NC State, Dartmouth",NA,NA,NA,NA,
4/25/2017 14:17,Duke University,Durham,North Carolina,USA,http://stat.duke.edu/datafest,Durham North Carolina USA,-78.898619,35.9940329,2015,Yes,230,"UNC Chapel Hill, NC State, North Carolina A&T, UNC Greensboro, NCSSM, University of Micgican, NCCU",NA,NA,NA,NA,
4/25/2017 14:17,Duke University,Durham,North Carolina,USA,http://stat.duke.edu/datafest,Durham North Carolina USA,-78.898619,35.9940329,2016,Yes,260,"UNC Chapel Hill, NC State, North Carolina A&T, Elon University, NCSSM, Meredith College",NA,NA,NA,NA,
4/25/2017 14:17,Duke University,Durham,North Carolina,USA,http://stat.duke.edu/datafest,Durham North Carolina USA,-78.898619,35.9940329,2017,Yes,360,"UNC Chapel Hill, NC State, North Carolina A&T, Elon University, NCSSM, Meredith College, Wake Forest University",NA,NA,NA,NA,
NA,Duke University,Durham,North Carolina,USA,http://stat.duke.edu/datafest,Durham North Carolina USA,-78.898619,35.9940329,2018,Yes,NA,NA,NA,NA,NA,NA,
NA,Duke University,Durham,North Carolina,USA,http://stat.duke.edu/datafest,Durham North Carolina USA,-78.898619,35.9940329,2019,Yes,NA,NA,NA,NA,NA,NA,
29/06/22 14:42,Duke University,Durham,North Carolina,USA,https://www2.stat.duke.edu/datafest-covid19/,Durham North Carolina USA,-78.898619,35.9940329,2020,No,150,NA,Computer Science (101); Statistics (52); Quantitative Management (MS) (20); Math (19); Data Science (10),,,,
29/06/22 14:42,Duke University,Durham,North Carolina,USA,http://stat.duke.edu/datafest,Durham North Carolina USA,-78.898619,35.9940329,2021,Yes,260,"University of North Carolina - Chapel Hill, North Carolina State University, Wake Forest University, Elon University, Meredith College, University of Chicago, University of Buffalo, Northeastern University, University of Pittsburgh, University of Maryland, Georgia Institute of Technology (Georgia Tech)",Statistics (96); Computer Science (193); Math (27); Quantitative Management (MS) (26); Economics (26),,,,
29/06/22 14:42,Duke University,Durham,North Carolina,USA,http://stat.duke.edu/datafest,Durham North Carolina USA,-78.898619,35.9940329,2022,Yes,56,NA,Statistics (14); Computer Science ( 13); Quantitative Management (MS) (9); Economics (9); Data Science (4),,,,
,Davidson College,Davidson,North Carolina,USA,https://www.davidson.edu/academics/mathematics-and-computer-science/student-activities/competitions/datafest,Davidson North Carolina USA,-80.8486846,35.4993031,2018,No,NA,NA,NA,NA,NA,NA,Data yet to be received/ Not received
,Davidson College,Davidson,North Carolina,USA,https://www.davidson.edu/academics/mathematics-and-computer-science/student-activities/competitions/datafest,Davidson North Carolina USA,-80.8486846,35.4993031,2019,No,NA,NA,NA,NA,NA,NA,Data yet to be received/ Not received
,Davidson College,Davidson,North Carolina,USA,https://www.davidson.edu/academics/mathematics-and-computer-science/student-activities/competitions/datafest,Davidson North Carolina USA,-80.8486846,35.4993031,2020,No,NA,NA,NA,NA,NA,NA,Data yet to be received/ Not received
,Davidson College,Davidson,North Carolina,USA,https://www.davidson.edu/academics/mathematics-and-computer-science/student-activities/competitions/datafest,Davidson North Carolina USA,-80.8486846,35.4993031,2021,No,NA,NA,NA,NA,NA,NA,Data yet to be received/ Not received
,Davidson College,Davidson,North Carolina,USA,https://www.davidson.edu/academics/mathematics-and-computer-science/student-activities/competitions/datafest,Davidson North Carolina USA,-80.8486846,35.4993031,2022,No,NA,NA,NA,NA,NA,NA,Data yet to be received/ Not received
4/25/2017 14:31,Emory University,Atlanta,Georgia,USA,http://www.quantitative.emory.edu/events/datafest%20.html,Atlanta Georgia USA,-84.3879824,33.7489954,2011,No,NA,NA,NA,NA,NA,NA,
4/25/2017 14:31,Emory University,Atlanta,Georgia,USA,http://www.quantitative.emory.edu/events/datafest%20.html,Atlanta Georgia USA,-84.3879824,33.7489954,2012,No,NA,NA,NA,NA,NA,NA,
4/25/2017 14:31,Emory University,Atlanta,Georgia,USA,http://www.quantitative.emory.edu/events/datafest%20.html,Atlanta Georgia USA,-84.3879824,33.7489954,2013,No,NA,NA,NA,NA,NA,NA,
4/25/2017 14:31,Emory University,Atlanta,Georgia,USA,http://www.quantitative.emory.edu/events/datafest%20.html,Atlanta Georgia USA,-84.3879824,33.7489954,2014,Yes,41,NA,NA,NA,NA,NA,
4/25/2017 14:31,Emory University,Atlanta,Georgia,USA,http://www.quantitative.emory.edu/events/datafest%20.html,Atlanta Georgia USA,-84.3879824,33.7489954,2015,Yes,53,NA,NA,NA,NA,NA,
4/25/2017 14:31,Emory University,Atlanta,Georgia,USA,http://www.quantitative.emory.edu/events/datafest%20.html,Atlanta Georgia USA,-84.3879824,33.7489954,2016,No,NA,NA,NA,NA,NA,NA,
4/25/2017 14:31,Emory University,Atlanta,Georgia,USA,http://www.quantitative.emory.edu/events/datafest%20.html,Atlanta Georgia USA,-84.3879824,33.7489954,2017,Yes,45,NA,NA,NA,NA,NA,
,Emory University,Atlanta,Georgia,USA,http://www.quantitative.emory.edu/events/datafest%20.html,Atlanta Georgia USA,-84.3879824,33.7489954,2018,No,NA,NA,NA,NA,NA,NA,Data yet to be received/ Not received
,Emory University,Atlanta,Georgia,USA,http://www.quantitative.emory.edu/events/datafest%20.html,Atlanta Georgia USA,-84.3879824,33.7489954,2019,No,NA,NA,NA,NA,NA,NA,Data yet to be received/ Not received
,Emory University,Atlanta,Georgia,USA,http://www.quantitative.emory.edu/events/datafest%20.html,Atlanta Georgia USA,-84.3879824,33.7489954,2020,No,NA,NA,NA,NA,NA,NA,Data yet to be received/ Not received
,Emory University,Atlanta,Georgia,USA,http://www.quantitative.emory.edu/events/datafest%20.html,Atlanta Georgia USA,-84.3879824,33.7489954,2021,No,NA,NA,NA,NA,NA,NA,Data yet to be received/ Not received
,Emory University,Atlanta,Georgia,USA,http://www.quantitative.emory.edu/events/datafest%20.html,Atlanta Georgia USA,-84.3879824,33.7489954,2022,No,NA,NA,NA,NA,NA,NA,Data yet to be received/ Not received
4/25/2017 15:07,Grand Valley State University,Allendale,Michigan,USA,http://www.gvsu.edu/stat/datafest-50.htm,Allendale Michigan USA,-85.9540407,42.9721934,2011,No,NA,NA,NA,NA,NA,NA,
4/25/2017 15:07,Grand Valley State University,Allendale,Michigan,USA,http://www.gvsu.edu/stat/datafest-50.htm,Allendale Michigan USA,-85.9540407,42.9721934,2012,No,NA,NA,NA,NA,NA,NA,
4/25/2017 15:07,Grand Valley State University,Allendale,Michigan,USA,http://www.gvsu.edu/stat/datafest-50.htm,Allendale Michigan USA,-85.9540407,42.9721934,2013,No,NA,NA,NA,NA,NA,NA,
4/25/2017 15:07,Grand Valley State University,Allendale,Michigan,USA,http://www.gvsu.edu/stat/datafest-50.htm,Allendale Michigan USA,-85.9540407,42.9721934,2014,No,NA,NA,NA,NA,NA,NA,
4/25/2017 15:07,Grand Valley State University,Allendale,Michigan,USA,http://www.gvsu.edu/stat/datafest-50.htm,Allendale Michigan USA,-85.9540407,42.9721934,2015,No,NA,NA,NA,NA,NA,NA,
4/25/2017 15:07,Grand Valley State University,Allendale,Michigan,USA,http://www.gvsu.edu/stat/datafest-50.htm,Allendale Michigan USA,-85.9540407,42.9721934,2016,No,NA,NA,NA,NA,NA,NA,
4/25/2017 15:07,Grand Valley State University,Allendale,Michigan,USA,http://www.gvsu.edu/stat/datafest-50.htm,Allendale Michigan USA,-85.9540407,42.9721934,2017,Yes,22,NA,NA,NA,NA,NA,
,Grand Valley State University,Allendale,Michigan,USA,http://www.gvsu.edu/stat/datafest-50.htm,Allendale Michigan USA,-85.9540407,42.9721934,2018,No,NA,NA,NA,NA,NA,NA,Data yet to be received/ Not received
,Grand Valley State University,Allendale,Michigan,USA,http://www.gvsu.edu/stat/datafest-50.htm,Allendale Michigan USA,-85.9540407,42.9721934,2019,No,NA,NA,NA,NA,NA,NA,Data yet to be received/ Not received
,Grand Valley State University,Allendale,Michigan,USA,http://www.gvsu.edu/stat/datafest-50.htm,Allendale Michigan USA,-85.9540407,42.9721934,2020,No,NA,NA,NA,NA,NA,NA,Data yet to be received/ Not received
,Grand Valley State University,Allendale,Michigan,USA,http://www.gvsu.edu/stat/datafest-50.htm,Allendale Michigan USA,-85.9540407,42.9721934,2021,No,NA,NA,NA,NA,NA,NA,Data yet to be received/ Not received
,Grand Valley State University,Allendale,Michigan,USA,http://www.gvsu.edu/stat/datafest-50.htm,Allendale Michigan USA,-85.9540407,42.9721934,2022,No,NA,NA,NA,NA,NA,NA,Data yet to be received/ Not received
NA,Loyola University Chicago,Chicago,Illinois,USA,http://pascal.math.luc.edu/datafest/,Chicago Illinois USA,-87.6297982,41.8781136,2011,No,NA,NA,NA,NA,NA,NA,
NA,Loyola University Chicago,Chicago,Illinois,USA,http://pascal.math.luc.edu/datafest/,Chicago Illinois USA,-87.6297982,41.8781136,2012,No,NA,NA,NA,NA,NA,NA,
NA,Loyola University Chicago,Chicago,Illinois,USA,http://pascal.math.luc.edu/datafest/,Chicago Illinois USA,-87.6297982,41.8781136,2013,No,NA,NA,NA,NA,NA,NA,
NA,Loyola University Chicago,Chicago,Illinois,USA,http://pascal.math.luc.edu/datafest/,Chicago Illinois USA,-87.6297982,41.8781136,2014,No,NA,NA,NA,NA,NA,NA,
NA,Loyola University Chicago,Chicago,Illinois,USA,http://pascal.math.luc.edu/datafest/,Chicago Illinois USA,-87.6297982,41.8781136,2015,No,NA,NA,NA,NA,NA,NA,
NA,Loyola University Chicago,Chicago,Illinois,USA,http://pascal.math.luc.edu/datafest/,Chicago Illinois USA,-87.6297982,41.8781136,2016,No,NA,NA,NA,NA,NA,NA,
NA,Loyola University Chicago,Chicago,Illinois,USA,http://pascal.math.luc.edu/datafest/,Chicago Illinois USA,-87.6297982,41.8781136,2017,Yes,40,NA,NA,NA,NA,NA,
,Loyola University Chicago,Chicago,Illinois,USA,http://pascal.math.luc.edu/datafest/,Chicago Illinois USA,-87.6297982,41.8781136,2018,No,NA,NA,NA,NA,NA,NA,Data yet to be received/ Not received
,Loyola University Chicago,Chicago,Illinois,USA,http://pascal.math.luc.edu/datafest/,Chicago Illinois USA,-87.6297982,41.8781136,2019,No,NA,NA,NA,NA,NA,NA,Data yet to be received/ Not received
,Loyola University Chicago,Chicago,Illinois,USA,http://pascal.math.luc.edu/datafest/,Chicago Illinois USA,-87.6297982,41.8781136,2020,No,NA,NA,NA,NA,NA,NA,Data yet to be received/ Not received
,Loyola University Chicago,Chicago,Illinois,USA,http://pascal.math.luc.edu/datafest/,Chicago Illinois USA,-87.6297982,41.8781136,2021,No,NA,NA,NA,NA,NA,NA,Data yet to be received/ Not received
,Loyola University Chicago,Chicago,Illinois,USA,http://pascal.math.luc.edu/datafest/,Chicago Illinois USA,-87.6297982,41.8781136,2022,No,NA,NA,NA,NA,NA,NA,Data yet to be received/ Not received
NA,Macalaster College,St Paul,Minnessota,USA,https://www.macalester.edu/datafest/,St Paul Minnessota USA,-93.0899578,44.9537029,2011,No,NA,NA,NA,NA,NA,NA,
NA,Macalaster College,St Paul,Minnessota,USA,https://www.macalester.edu/datafest/,St Paul Minnessota USA,-93.0899578,44.9537029,2012,No,NA,NA,NA,NA,NA,NA,
NA,Macalaster College,St Paul,Minnessota,USA,https://www.macalester.edu/datafest/,St Paul Minnessota USA,-93.0899578,44.9537029,2013,No,NA,NA,NA,NA,NA,NA,
NA,Macalaster College,St Paul,Minnessota,USA,https://www.macalester.edu/datafest/,St Paul Minnessota USA,-93.0899578,44.9537029,2014,No,NA,NA,NA,NA,NA,NA,
NA,Macalaster College,St Paul,Minnessota,USA,https://www.macalester.edu/datafest/,St Paul Minnessota USA,-93.0899578,44.9537029,2015,No,NA,NA,NA,NA,NA,NA,
NA,Macalaster College,St Paul,Minnessota,USA,https://www.macalester.edu/datafest/,St Paul Minnessota USA,-93.0899578,44.9537029,2016,No,NA,NA,NA,NA,NA,NA,
NA,Macalaster College,St Paul,Minnessota,USA,https://www.macalester.edu/datafest/,St Paul Minnessota USA,-93.0899578,44.9537029,2017,Yes,54,NA,NA,NA,NA,NA,
,Macalaster College,St Paul,Minnessota,USA,https://www.macalester.edu/datafest/,St Paul Minnessota USA,-93.0899578,44.9537029,2018,No,NA,NA,NA,NA,NA,NA,Data yet to be received/ Not received
,Macalaster College,St Paul,Minnessota,USA,https://www.macalester.edu/datafest/,St Paul Minnessota USA,-93.0899578,44.9537029,2019,No,NA,NA,NA,NA,NA,NA,Data yet to be received/ Not received
,Macalaster College,St Paul,Minnessota,USA,https://www.macalester.edu/datafest/,St Paul Minnessota USA,-93.0899578,44.9537029,2020,No,NA,NA,NA,NA,NA,NA,Data yet to be received/ Not received
,Macalaster College,St Paul,Minnessota,USA,https://www.macalester.edu/datafest/,St Paul Minnessota USA,-93.0899578,44.9537029,2021,No,NA,NA,NA,NA,NA,NA,Data yet to be received/ Not received
,Macalaster College,St Paul,Minnessota,USA,https://www.macalester.edu/datafest/,St Paul Minnessota USA,-93.0899578,44.9537029,2022,No,NA,NA,NA,NA,NA,NA,Data yet to be received/ Not received
4/25/2017 16:38,Miami University (Ohio),Oxford,Ohio,USA,http://miamioh.edu/fsb/centers/cads/experiential/datafest/,Oxford Ohio USA,-84.745231,39.5069974,2011,No,NA,NA,NA,NA,NA,NA,
4/25/2017 16:38,Miami University (Ohio),Oxford,Ohio,USA,http://miamioh.edu/fsb/centers/cads/experiential/datafest/,Oxford Ohio USA,-84.745231,39.5069974,2012,No,NA,NA,NA,NA,NA,NA,
4/25/2017 16:38,Miami University (Ohio),Oxford,Ohio,USA,http://miamioh.edu/fsb/centers/cads/experiential/datafest/,Oxford Ohio USA,-84.745231,39.5069974,2013,No,NA,NA,NA,NA,NA,NA,
4/25/2017 16:38,Miami University (Ohio),Oxford,Ohio,USA,http://miamioh.edu/fsb/centers/cads/experiential/datafest/,Oxford Ohio USA,-84.745231,39.5069974,2014,No,NA,NA,NA,NA,NA,NA,
4/25/2017 16:38,Miami University (Ohio),Oxford,Ohio,USA,http://miamioh.edu/fsb/centers/cads/experiential/datafest/,Oxford Ohio USA,-84.745231,39.5069974,2015,No,NA,NA,NA,NA,NA,NA,
4/25/2017 16:38,Miami University (Ohio),Oxford,Ohio,USA,http://miamioh.edu/fsb/centers/cads/experiential/datafest/,Oxford Ohio USA,-84.745231,39.5069974,2016,Yes,51,University of Cincinnati; Bowling Green State University,NA,NA,NA,NA,
4/25/2017 16:38,Miami University (Ohio),Oxford,Ohio,USA,http://miamioh.edu/fsb/centers/cads/experiential/datafest/,Oxford Ohio USA,-84.745231,39.5069974,2017,Yes,90,University of Cincinnati; Bowling Green State University,NA,NA,NA,NA,
,Miami University (Ohio),Oxford,Ohio,USA,http://miamioh.edu/fsb/centers/cads/experiential/datafest/,Oxford Ohio USA,-84.745231,39.5069974,2018,No,NA,NA,NA,NA,NA,NA,Data yet to be received/ Not received
,Miami University (Ohio),Oxford,Ohio,USA,http://miamioh.edu/fsb/centers/cads/experiential/datafest/,Oxford Ohio USA,-84.745231,39.5069974,2019,No,NA,NA,NA,NA,NA,NA,Data yet to be received/ Not received
,Miami University (Ohio),Oxford,Ohio,USA,http://miamioh.edu/fsb/centers/cads/experiential/datafest/,Oxford Ohio USA,-84.745231,39.5069974,2020,No,NA,NA,NA,NA,NA,NA,Data yet to be received/ Not received
,Miami University (Ohio),Oxford,Ohio,USA,http://miamioh.edu/fsb/centers/cads/experiential/datafest/,Oxford Ohio USA,-84.745231,39.5069974,2021,No,NA,NA,NA,NA,NA,NA,Data yet to be received/ Not received
,Miami University (Ohio),Oxford,Ohio,USA,http://miamioh.edu/fsb/centers/cads/experiential/datafest/,Oxford Ohio USA,-84.745231,39.5069974,2022,No,NA,NA,NA,NA,NA,NA,Data yet to be received/ Not received
4/25/2017 14:34,Middlebury College,Middlebury,Vermont,USA,http://go.middlebury.edu/datafest,Middlebury Vermont USA,-73.16734,44.0153371,2011,No,NA,NA,NA,NA,NA,NA,
4/25/2017 14:34,Middlebury College,Middlebury,Vermont,USA,http://go.middlebury.edu/datafest,Middlebury Vermont USA,-73.16734,44.0153371,2012,No,NA,NA,NA,NA,NA,NA,
4/25/2017 14:34,Middlebury College,Middlebury,Vermont,USA,http://go.middlebury.edu/datafest,Middlebury Vermont USA,-73.16734,44.0153371,2013,No,NA,NA,NA,NA,NA,NA,
4/25/2017 14:34,Middlebury College,Middlebury,Vermont,USA,http://go.middlebury.edu/datafest,Middlebury Vermont USA,-73.16734,44.0153371,2014,No,NA,NA,NA,NA,NA,NA,
4/25/2017 14:34,Middlebury College,Middlebury,Vermont,USA,http://go.middlebury.edu/datafest,Middlebury Vermont USA,-73.16734,44.0153371,2015,No,NA,NA,NA,NA,NA,NA,
4/25/2017 14:34,Middlebury College,Middlebury,Vermont,USA,http://go.middlebury.edu/datafest,Middlebury Vermont USA,-73.16734,44.0153371,2016,No,NA,NA,NA,NA,NA,NA,
4/25/2017 14:34,Middlebury College,Middlebury,Vermont,USA,http://go.middlebury.edu/datafest,Middlebury Vermont USA,-73.16734,44.0153371,2017,Yes,25,NA,NA,NA,NA,NA,
,Middlebury College,Middlebury,Vermont,USA,http://go.middlebury.edu/datafest,Middlebury Vermont USA,-73.16734,44.0153371,2018,No,NA,NA,NA,NA,NA,NA,Data yet to be received/ Not received
,Middlebury College,Middlebury,Vermont,USA,http://go.middlebury.edu/datafest,Middlebury Vermont USA,-73.16734,44.0153371,2019,No,NA,NA,NA,NA,NA,NA,Data yet to be received/ Not received
,Middlebury College,Middlebury,Vermont,USA,http://go.middlebury.edu/datafest,Middlebury Vermont USA,-73.16734,44.0153371,2020,No,NA,NA,NA,NA,NA,NA,Data yet to be received/ Not received
,Middlebury College,Middlebury,Vermont,USA,http://go.middlebury.edu/datafest,Middlebury Vermont USA,-73.16734,44.0153371,2021,No,NA,NA,NA,NA,NA,NA,Data yet to be received/ Not received
,Middlebury College,Middlebury,Vermont,USA,http://go.middlebury.edu/datafest,Middlebury Vermont USA,-73.16734,44.0153371,2022,No,NA,NA,NA,NA,NA,NA,Data yet to be received/ Not received
,Middle East Technical University,,Annkara,Turkey,https://dslab-stat.metu.edu.tr/datafest/#page-content,Ankara Turkey,32.8372,39.9205,2011,No,NA,NA,NA,NA,NA,NA,
,Middle East Technical University,,Annkara,Turkey,https://dslab-stat.metu.edu.tr/datafest/#page-content,Ankara Turkey,32.8372,39.9205,2012,No,NA,NA,NA,NA,NA,NA,
,Middle East Technical University,,Annkara,Turkey,https://dslab-stat.metu.edu.tr/datafest/#page-content,Ankara Turkey,32.8372,39.9205,2013,No,NA,NA,NA,NA,NA,NA,
,Middle East Technical University,,Annkara,Turkey,https://dslab-stat.metu.edu.tr/datafest/#page-content,Ankara Turkey,32.8372,39.9205,2014,No,NA,NA,NA,NA,NA,NA,
,Middle East Technical University,,Annkara,Turkey,https://dslab-stat.metu.edu.tr/datafest/#page-content,Ankara Turkey,32.8372,39.9205,2015,No,NA,NA,NA,NA,NA,NA,
,Middle East Technical University,,Annkara,Turkey,https://dslab-stat.metu.edu.tr/datafest/#page-content,Ankara Turkey,32.8372,39.9205,2016,No,NA,NA,NA,NA,NA,NA,
,Middle East Technical University,,Annkara,Turkey,https://dslab-stat.metu.edu.tr/datafest/#page-content,Ankara Turkey,32.8372,39.9205,2017,No,NA,NA,NA,NA,NA,NA,
,Middle East Technical University,,Annkara,Turkey,https://dslab-stat.metu.edu.tr/datafest/#page-content,Ankara Turkey,32.8372,39.9205,2019,No,NA,NA,NA,NA,NA,NA,
,Middle East Technical University,,Annkara,Turkey,https://dslab-stat.metu.edu.tr/datafest/#page-content,Ankara Turkey,32.8372,39.9205,2020,No,NA,NA,NA,NA,NA,NA,
,Middle East Technical University,,Annkara,Turkey,https://dslab-stat.metu.edu.tr/datafest/#page-content,Ankara Turkey,32.8372,39.9205,2021,Yes,20,NA,"12 (statistics), 3 (Graduate school of informatics), 3 (Petroleum & Natural Gas Engineering), 1 (Mechanical Engineering), 1 (Electrical and Electronics Engineering)",RuReady,Anonymous,Seekers,
,Middle East Technical University,,Annkara,Turkey,https://dslab-stat.metu.edu.tr/datafest/#page-content,Ankara Turkey,32.8372,39.9205,2022,No,NA,NA,NA,NA,NA,NA,
,Colby College,Waterville,Maine,USA,https://web.colby.edu/datascience/datafest-2021/,"Waterville, ME, USA",-69.66284005,44.56388437,2022,No,NA,NA,NA,NA,NA,NA,Data yet to be received/ Not received
,North Carolina State University,Raleigh,North Carolina,USA,https://datascienceacademy.ncsu.edu/2022/04/19/small-groups-big-success-nc-state-hosts-first-datafest/,Raleigh North Carolina USA,-78.68211606,35.78462847,2011,No,NA,NA,NA,NA,NA,NA,Data yet to be received/ Not received
,North Carolina State University,Raleigh,North Carolina,USA,https://datascienceacademy.ncsu.edu/2022/04/19/small-groups-big-success-nc-state-hosts-first-datafest/,Raleigh North Carolina USA,-78.68211606,35.78462847,2012,No,NA,NA,NA,NA,NA,NA,Data yet to be received/ Not received
,North Carolina State University,Raleigh,North Carolina,USA,https://datascienceacademy.ncsu.edu/2022/04/19/small-groups-big-success-nc-state-hosts-first-datafest/,Raleigh North Carolina USA,-78.68211606,35.78462847,2013,No,NA,NA,NA,NA,NA,NA,Data yet to be received/ Not received
,North Carolina State University,Raleigh,North Carolina,USA,https://datascienceacademy.ncsu.edu/2022/04/19/small-groups-big-success-nc-state-hosts-first-datafest/,Raleigh North Carolina USA,-78.68211606,35.78462847,2014,No,NA,NA,NA,NA,NA,NA,Data yet to be received/ Not received
,North Carolina State University,Raleigh,North Carolina,USA,https://datascienceacademy.ncsu.edu/2022/04/19/small-groups-big-success-nc-state-hosts-first-datafest/,Raleigh North Carolina USA,-78.68211606,35.78462847,2015,No,NA,NA,NA,NA,NA,NA,Data yet to be received/ Not received
,North Carolina State University,Raleigh,North Carolina,USA,https://datascienceacademy.ncsu.edu/2022/04/19/small-groups-big-success-nc-state-hosts-first-datafest/,Raleigh North Carolina USA,-78.68211606,35.78462847,2016,No,NA,NA,NA,NA,NA,NA,Data yet to be received/ Not received
,North Carolina State University,Raleigh,North Carolina,USA,https://datascienceacademy.ncsu.edu/2022/04/19/small-groups-big-success-nc-state-hosts-first-datafest/,Raleigh North Carolina USA,-78.68211606,35.78462847,2017,No,NA,NA,NA,NA,NA,NA,Data yet to be received/ Not received
,North Carolina State University,Raleigh,North Carolina,USA,https://datascienceacademy.ncsu.edu/2022/04/19/small-groups-big-success-nc-state-hosts-first-datafest/,Raleigh North Carolina USA,-78.68211606,35.78462847,2018,No,NA,NA,NA,NA,NA,NA,Data yet to be received/ Not received
,North Carolina State University,Raleigh,North Carolina,USA,https://datascienceacademy.ncsu.edu/2022/04/19/small-groups-big-success-nc-state-hosts-first-datafest/,Raleigh North Carolina USA,-78.68211606,35.78462847,2019,No,NA,NA,NA,NA,NA,NA,Data yet to be received/ Not received
,North Carolina State University,Raleigh,North Carolina,USA,https://datascienceacademy.ncsu.edu/2022/04/19/small-groups-big-success-nc-state-hosts-first-datafest/,Raleigh North Carolina USA,-78.68211606,35.78462847,2020,No,NA,NA,NA,NA,NA,NA,Data yet to be received/ Not received
,North Carolina State University,Raleigh,North Carolina,USA,https://datascienceacademy.ncsu.edu/2022/04/19/small-groups-big-success-nc-state-hosts-first-datafest/,Raleigh North Carolina USA,-78.68211606,35.78462847,2021,No,NA,NA,NA,NA,NA,NA,Data yet to be received/ Not received
29/06/22 14:42,North Carolina State University,Raleigh,North Carolina,USA,https://datascienceacademy.ncsu.edu/2022/04/19/small-groups-big-success-nc-state-hosts-first-datafest/,Raleigh North Carolina USA,-78.68211606,35.78462847,2022,Yes,NA,NA,statistics; computer science; engineering; business; economics; physics,,,,
4/25/2017 15:33,Ohio State University,Columbus,Ohio,USA,https://data-analytics.osu.edu/datafest,Columbus Ohio USA,-82.9987942,39.9611755,2011,No,NA,NA,NA,NA,NA,NA,
4/25/2017 15:33,Ohio State University,Columbus,Ohio,USA,https://data-analytics.osu.edu/datafest,Columbus Ohio USA,-82.9987942,39.9611755,2012,No,NA,NA,NA,NA,NA,NA,
4/25/2017 15:33,Ohio State University,Columbus,Ohio,USA,https://data-analytics.osu.edu/datafest,Columbus Ohio USA,-82.9987942,39.9611755,2013,No,NA,NA,NA,NA,NA,NA,
4/25/2017 15:33,Ohio State University,Columbus,Ohio,USA,https://data-analytics.osu.edu/datafest,Columbus Ohio USA,-82.9987942,39.9611755,2014,No,NA,NA,NA,NA,NA,NA,
4/25/2017 15:33,Ohio State University,Columbus,Ohio,USA,https://data-analytics.osu.edu/datafest,Columbus Ohio USA,-82.9987942,39.9611755,2015,No,NA,NA,NA,NA,NA,NA,
4/25/2017 15:33,Ohio State University,Columbus,Ohio,USA,https://data-analytics.osu.edu/datafest,Columbus Ohio USA,-82.9987942,39.9611755,2016,Yes,100,NA,NA,NA,NA,NA,
4/25/2017 15:33,Ohio State University,Columbus,Ohio,USA,http://datafest.osu.edu,Columbus Ohio USA,-82.9987942,39.9611755,2017,Yes,111,NA,Data Analytics (25%); Computer Science and Engineering (14%); Math (12%); Finance (8%); Industrial and Systems Engineering (8%),NA,NA,NA,
6/1/2022 17:59,Ohio State University,Columbus,Ohio,USA,http://datafest.osu.edu,"Columbus, OH",-82.9738,39.9452,2018,Yes,137,NA,Data Analytics (41%); Computer Science and Engineering (18%); Actuarial Science (4%); Geographic Information Systems (4%); Math (4%),NA,NA,NA,
6/1/2022 17:59,Ohio State University,Columbus,Ohio,USA,http://datafest.osu.edu,"Columbus, OH",-82.9738,39.9452,2019,Yes,204,NA,Data Analytics (33%); Computer Science and Engineering (20%); Math (9%); Actuarial Science (5%); Economics (4%),NA,NA,NA,
6/1/2022 17:59,Ohio State University,Columbus,Ohio,USA,http://datafest.osu.edu,"Columbus, OH",-82.9738,39.9452,2020,Yes,NA,NA,NA,NA,NA,NA,
6/1/2022 17:59,Ohio State University,Columbus,Ohio,USA,http://datafest.osu.edu,"Columbus, OH",-82.9738,39.9452,2021,Yes,101,NA,NA,NA,NA,NA,
6/1/2022 17:59,Ohio State University,Columbus,Ohio,USA,http://datafest.osu.edu,"Columbus, OH",-82.9738,39.9452,2022,Yes,145,NA,Data Analytics (28%); Computer Science and Engineering (15%); Statistics (15%); Math (11%); Economics (6%),NA,NA,NA,
4/25/2017 15:23,Penn State University,State College,Pennsylvania,USA,http://stat.psu.edu/Events/2016-datafest,State College Pennsylvania USA,-77.8600012,40.7933949,2011,No,NA,NA,NA,NA,NA,NA,
4/25/2017 15:23,Penn State University,State College,Pennsylvania,USA,http://stat.psu.edu/Events/2016-datafest,State College Pennsylvania USA,-77.8600012,40.7933949,2012,No,NA,NA,NA,NA,NA,NA,
4/25/2017 15:23,Penn State University,State College,Pennsylvania,USA,http://stat.psu.edu/Events/2016-datafest,State College Pennsylvania USA,-77.8600012,40.7933949,2013,No,NA,NA,NA,NA,NA,NA,
4/25/2017 15:23,Penn State University,State College,Pennsylvania,USA,http://stat.psu.edu/Events/2016-datafest,State College Pennsylvania USA,-77.8600012,40.7933949,2014,No,NA,NA,NA,NA,NA,NA,
4/25/2017 15:23,Penn State University,State College,Pennsylvania,USA,http://stat.psu.edu/Events/2016-datafest,State College Pennsylvania USA,-77.8600012,40.7933949,2015,Yes,60,NA,NA,NA,NA,NA,
4/25/2017 15:23,Penn State University,State College,Pennsylvania,USA,http://stat.psu.edu/Events/2016-datafest,State College Pennsylvania USA,-77.8600012,40.7933949,2016,Yes,80,"PSU Brandywine, Juniata College, Wilkes University",NA,NA,NA,NA,
4/25/2017 15:23,Penn State University,State College,Pennsylvania,USA,http://stat.psu.edu/Events/2016-datafest,State College Pennsylvania USA,-77.8600012,40.7933949,2017,Yes,126,"PSU Brandywine, PSU Harrisburg, PSU Great Valley, Wilkes University","Computer Science 19.84%; Statistics 15.87%; Information Sciences and Technology 12.70%, Industrial Engineering 10.32%; Mathematics 9.52%",NA,NA,NA,
6/29/2022 14:38,Penn State University,State College,Pennsylvania,USA,https://datafest.psu.edu/previous/__2018/,State College Pennsylvania USA,-77.8600012,40.7933949,2018,Yes,266,Arizona State University; Carnegie Mellon University; Kent State University; University of Mary Washington,"Computer Science 19.55%; Statistics 15.79%; Data Science 9.77%, Industrial Engineering 10.32%; Mathematics 9.02%",,,,
6/29/2022 14:38,Penn State University,State College,Pennsylvania,USA,https://datafest.psu.edu/previous/__2019/,State College Pennsylvania USA,-77.8600012,40.7933949,2019,Yes,183,City University of New York - Brooklyn College; University of Michigan; Ankara University,"Computer Science 9.29%; Statistics 28.42%; Data Science 22.40%, Economics 4.92%; Mathematics 8.20%",,,,
6/29/2022 14:38,Penn State University,State College,Pennsylvania,USA,,State College Pennsylvania USA,-77.8600012,40.7933949,2020,No,NA,NA,NA,NA,NA,NA,
6/29/2022 14:38,Penn State University,State College,Pennsylvania,USA,https://datafest.psu.edu/previous/__2021/,State College Pennsylvania USA,-77.8600012,40.7933949,2021,Yes,104,NA,NA,NA,NA,NA,
6/29/2022 14:38,Penn State University,State College,Pennsylvania,USA,https://datafest.psu.edu/previous/__2022/,State College Pennsylvania USA,-77.8600012,40.7933949,2022,Yes,128,NA,NA,NA,NA,NA,
4/25/2017 14:28,Purdue University,Lafayette,Indiana,USA,http://llc.stat.purdue.edu/datafest2016.html,Lafayette Indiana USA,-86.8752869,40.4167022,2011,No,NA,NA,NA,NA,NA,NA,
4/25/2017 14:28,Purdue University,Lafayette,Indiana,USA,http://llc.stat.purdue.edu/datafest2016.html,Lafayette Indiana USA,-86.8752869,40.4167022,2012,No,NA,NA,NA,NA,NA,NA,
4/25/2017 14:28,Purdue University,Lafayette,Indiana,USA,http://llc.stat.purdue.edu/datafest2016.html,Lafayette Indiana USA,-86.8752869,40.4167022,2013,No,NA,NA,NA,NA,NA,NA,
4/25/2017 14:28,Purdue University,Lafayette,Indiana,USA,http://llc.stat.purdue.edu/datafest2016.html,Lafayette Indiana USA,-86.8752869,40.4167022,2014,No,NA,NA,NA,NA,NA,NA,
4/25/2017 14:28,Purdue University,Lafayette,Indiana,USA,http://llc.stat.purdue.edu/datafest2016.html,Lafayette Indiana USA,-86.8752869,40.4167022,2015,Yes,20,NA,NA,NA,NA,NA,
4/25/2017 14:28,Purdue University,Lafayette,Indiana,USA,http://llc.stat.purdue.edu/datafest2016.html,Lafayette Indiana USA,-86.8752869,40.4167022,2016,Yes,80,NA,NA,NA,NA,NA,
4/25/2017 14:28,Purdue University,Lafayette,Indiana,USA,http://llc.stat.purdue.edu/datafest2016.html,Lafayette Indiana USA,-86.8752869,40.4167022,2017,Yes,80,NA,NA,NA,NA,NA,
,Purdue University,Lafayette,Indiana,USA,http://llc.stat.purdue.edu/datafest2016.html,Lafayette Indiana USA,-86.8752869,40.4167022,2018,No,NA,NA,NA,NA,NA,NA,Data yet to be received/ Not received
,Purdue University,Lafayette,Indiana,USA,http://llc.stat.purdue.edu/datafest2016.html,Lafayette Indiana USA,-86.8752869,40.4167022,2019,No,NA,NA,NA,NA,NA,NA,Data yet to be received/ Not received
,Purdue University,Lafayette,Indiana,USA,http://llc.stat.purdue.edu/datafest2016.html,Lafayette Indiana USA,-86.8752869,40.4167022,2020,No,NA,NA,NA,NA,NA,NA,Data yet to be received/ Not received
,Purdue University,Lafayette,Indiana,USA,http://llc.stat.purdue.edu/datafest2016.html,Lafayette Indiana USA,-86.8752869,40.4167022,2021,No,NA,NA,NA,NA,NA,NA,Data yet to be received/ Not received
,Purdue University,Lafayette,Indiana,USA,http://llc.stat.purdue.edu/datafest2016.html,Lafayette Indiana USA,-86.8752869,40.4167022,2022,No,NA,NA,NA,NA,NA,NA,Data yet to be received/ Not received
,Siena College,Loudonville,New York,USA,https://datafest.siena.edu/,Loudonville New York USA,-73.7356,43.0592,2011,No,NA,NA,NA,NA,NA,NA,
,Siena College,Loudonville,New York,USA,https://datafest.siena.edu/,Loudonville New York USA,-73.7356,43.0592,2012,No,NA,NA,NA,NA,NA,NA,
,Siena College,Loudonville,New York,USA,https://datafest.siena.edu/,Loudonville New York USA,-73.7356,43.0592,2013,No,NA,NA,NA,NA,NA,NA,
,Siena College,Loudonville,New York,USA,https://datafest.siena.edu/,Loudonville New York USA,-73.7356,43.0592,2014,No,NA,NA,NA,NA,NA,NA,
,Siena College,Loudonville,New York,USA,https://datafest.siena.edu/,Loudonville New York USA,-73.7356,43.0592,2015,No,NA,NA,NA,NA,NA,NA,
,Siena College,Loudonville,New York,USA,https://datafest.siena.edu/,Loudonville New York USA,-73.7356,43.0592,2016,No,NA,NA,NA,NA,NA,NA,
,Siena College,Loudonville,New York,USA,https://datafest.siena.edu/,Loudonville New York USA,-73.7356,43.0592,2017,No,NA,NA,NA,NA,NA,NA,
,Siena College,Loudonville,New York,USA,https://datafest.siena.edu/,Loudonville New York USA,-73.7356,43.0592,2018,No,NA,NA,NA,NA,NA,NA,
,Siena College,Loudonville,New York,USA,https://datafest.siena.edu/,Loudonville New York USA,-73.7356,43.0592,2019,No,NA,NA,NA,NA,NA,NA,
,Siena College,Loudonville,New York,USA,https://datafest.siena.edu/,Loudonville New York USA,-73.7356,43.0592,2020,No,NA,NA,NA,NA,NA,NA,
,Siena College,Loudonville,New York,USA,https://datafest.siena.edu/,Loudonville New York USA,-73.7356,43.0592,2021,No,NA,NA,NA,NA,NA,NA,
,Siena College,Loudonville,New York,USA,https://datafest.siena.edu/,Loudonville New York USA,-73.7356,43.0592,2022,Yes,29,NA,"Applied Physics 18%, Physics 15%, Computer Science 15%, Mathematics 9%, Applied Math 9%, Data Science 6%, Applied Data Science 6%, Accounting 3%, Actuarial Science 3%, Astrophysics 3%, Biochemistry 3%, Biology 3%, Economy 3%, Finance 3%, Psychology 3%",Recovering Usable Information from Idle Player Logs,The Abnormal Distributions,NA,
,Smith College,Northampton,Massachusetts,USA,https://www.science.smith.edu/datafest/,"Northampton, MA",-72.6276,42.3251,2011,No,NA,NA,NA,NA,NA,NA,Data yet to be received/ Not received
,Smith College,Northampton,Massachusetts,USA,https://www.science.smith.edu/datafest/,"Northampton, MA",-72.6276,42.3251,2012,No,NA,NA,NA,NA,NA,NA,Data yet to be received/ Not received
,Smith College,Northampton,Massachusetts,USA,https://www.science.smith.edu/datafest/,"Northampton, MA",-72.6276,42.3251,2013,No,NA,NA,NA,NA,NA,NA,Data yet to be received/ Not received
,Smith College,Northampton,Massachusetts,USA,https://www.science.smith.edu/datafest/,"Northampton, MA",-72.6276,42.3251,2014,No,NA,NA,NA,NA,NA,NA,Data yet to be received/ Not received
,Smith College,Northampton,Massachusetts,USA,https://www.science.smith.edu/datafest/,"Northampton, MA",-72.6276,42.3251,2015,No,NA,NA,NA,NA,NA,NA,Data yet to be received/ Not received
,Smith College,Northampton,Massachusetts,USA,https://www.science.smith.edu/datafest/,"Northampton, MA",-72.6276,42.3251,2016,No,NA,NA,NA,NA,NA,NA,Data yet to be received/ Not received
6/6/2022 14:03,Smith College,Northampton,Massachusetts,USA,https://www.science.smith.edu/datafest/,"Northampton, MA",-72.6276,42.3251,2017,Yes,160,"Amherst College, Hampshire College, Mount Holyoke College, Smith College, University of Massachusetts-Amherst",NA,"The relationship between length of stay, hotel quality and chance of booking",CUSTOMERS WHO ALMOST BOUGHT TRAVEL PACKAGES,Understanding Expedia Usage Across the United States,
6/6/2022 14:03,Smith College,Northampton,Massachusetts,USA,https://www.science.smith.edu/datafest/,"Northampton, MA",-72.6276,42.3251,2018,Yes,187,"Amherst College, Hampshire College, Mount Holyoke College, Smith College, University of Massachusetts-Amherst",NA,"Indeed: Clicks, Applies, and Job Opportunity",Statistically Significant: Indeed,Competitiveness: A New Job Search Filter,
6/6/2022 14:03,Smith College,Northampton,Massachusetts,USA,https://www.science.smith.edu/datafest/,"Northampton, MA",-72.6276,42.3251,2019,Yes,226,"Amherst College, Hampshire College, Mount Holyoke College, Smith College, University of Massachusetts-Amherst",NA,How to Prepare for a Season,How Can You Measure Fatigue? Trust Your Athletes!,[FUN]ctionality of Studying Temperature and Altitude in Assessing Athlete Fatigue and Performance,
6/6/2022 14:03,Smith College,Northampton,Massachusetts,USA,https://www.science.smith.edu/datafest/,"Northampton, MA",-72.6276,42.3251,2020,Yes,NA,NA,NA,NA,NA,NA,
6/6/2022 14:03,Smith College,Northampton,Massachusetts,USA,https://www.science.smith.edu/datafest/,"Northampton, MA",-72.6276,42.3251,2021,Yes,NA,NA,NA,NA,NA,NA,
6/6/2022 14:03,Smith College,Northampton,Massachusetts,USA,https://www.science.smith.edu/datafest/,"Northampton, MA",-72.6276,42.3251,2022,Yes,NA,NA,NA,NA,NA,NA,
,Southern Methodist University,Dallas,Texas,USA,NA,"Dallas, Texas",-96.3648,32.9628,2011,No,NA,NA,NA,NA,NA,NA,Data yet to be received/ Not received
,Southern Methodist University,Dallas,Texas,USA,NA,"Dallas, Texas",-96.3648,32.9628,2012,No,NA,NA,NA,NA,NA,NA,Data yet to be received/ Not received
,Southern Methodist University,Dallas,Texas,USA,NA,"Dallas, Texas",-96.3648,32.9628,2013,No,NA,NA,NA,NA,NA,NA,Data yet to be received/ Not received
,Southern Methodist University,Dallas,Texas,USA,NA,"Dallas, Texas",-96.3648,32.9628,2014,No,NA,NA,NA,NA,NA,NA,Data yet to be received/ Not received
,Southern Methodist University,Dallas,Texas,USA,NA,"Dallas, Texas",-96.3648,32.9628,2015,No,NA,NA,NA,NA,NA,NA,Data yet to be received/ Not received
,Southern Methodist University,Dallas,Texas,USA,NA,"Dallas, Texas",-96.3648,32.9628,2016,No,NA,NA,NA,NA,NA,NA,Data yet to be received/ Not received
6/6/2022 10:25,Southern Methodist University,Dallas,Texas,USA,NA,"Dallas, Texas",-96.3648,32.9628,2017,Yes,NA,NA,NA,NA,NA,NA,
6/6/2022 10:25,Southern Methodist University,Dallas,Texas,USA,NA,"Dallas, Texas",-96.3648,32.9628,2018,Yes,30,NA,NA,NA,NA,NA,
6/6/2022 10:25,Southern Methodist University,Dallas,Texas,USA,NA,"Dallas, Texas",-96.3648,32.9628,2019,Yes,55,"SMU, UT-Dallas, Baylor, Rice, Texas A&M",NA,R You Ready / #Save13 (Tie between two teams),Predicting Fatigue,Factors Affecting Fatigue in Canadian Women's 7's Rugby,
6/6/2022 10:25,Southern Methodist University,Dallas,Texas,USA,NA,"Dallas, Texas",-96.3648,32.9628,2020,Yes,NA,NA,NA,NA,NA,NA,
6/6/2022 10:25,Southern Methodist University,Dallas,Texas,USA,NA,"Dallas, Texas",-96.3648,32.9628,2021,Yes,86,"SMU, Sam Houston State, UT-Dallas, UT-Austin, UT-San Antonio, Texas A&M, Franklin, Baylor, TCU, St. Edwards",NA,Modeling opioid use using Bayesian methods and understanding drug gateways through network analysis,Indicators of substance abuse in individuals diagnosed with mental health disorders,Female/Male Gender versus the Unprescribed Use of THC,
6/6/2022 10:25,Southern Methodist University,Dallas,Texas,USA,NA,"Dallas, Texas",-96.3648,32.9628,2022,Yes,65,"SMU, UT-Arlington, UT-Dallas, U of Houston Clear Lake, St. Edwards, Texas A&M, ",NA,Predictive Model for Teenagers' Skills,ASA Play Forward (Elm City Stories),NA,
4/27/2017 10:27,"Summit Consulting, DC",Washington,District of Columbia,USA,https://www.facebook.com/events/520875878090896/,Washington District of Columbia USA,-77.0368707,38.9071923,2011,No,NA,NA,NA,NA,NA,NA,
4/27/2017 10:27,"Summit Consulting, DC",Washington,District of Columbia,USA,https://www.facebook.com/events/520875878090896/,Washington District of Columbia USA,-77.0368707,38.9071923,2012,No,NA,NA,NA,NA,NA,NA,
4/27/2017 10:27,"Summit Consulting, DC",Washington,District of Columbia,USA,https://www.facebook.com/events/520875878090896/,Washington District of Columbia USA,-77.0368707,38.9071923,2013,No,NA,NA,NA,NA,NA,NA,
4/27/2017 10:27,"Summit Consulting, DC",Washington,District of Columbia,USA,https://www.facebook.com/events/520875878090896/,Washington District of Columbia USA,-77.0368707,38.9071923,2014,No,NA,NA,NA,NA,NA,NA,
4/27/2017 10:27,"Summit Consulting, DC",Washington,District of Columbia,USA,https://www.facebook.com/events/520875878090896/,Washington District of Columbia USA,-77.0368707,38.9071923,2015,Yes,17,"UMD, American University, George Washington",NA,NA,NA,NA,
4/27/2017 10:27,"Summit Consulting, DC",Washington,District of Columbia,USA,https://www.facebook.com/events/520875878090896/,Washington District of Columbia USA,-77.0368707,38.9071923,2016,Yes,27,"George Washington, Howard, UMD, George Mason, Montclair",NA,NA,NA,NA,
4/27/2017 10:27,"Summit Consulting, DC",Washington,District of Columbia,USA,https://www.facebook.com/events/520875878090896/,Washington District of Columbia USA,-77.0368707,38.9071923,2017,Yes,58,"George Washington, UMD, UMBC, American, Howard, George Washington",NA,NA,NA,NA,
,"Summit Consulting, DC",Washington,District of Columbia,USA,https://www.facebook.com/events/520875878090896/,Washington District of Columbia USA,-77.0368707,38.9071923,2018,No,NA,NA,NA,NA,NA,NA,Data yet to be received/ Not received
,"Summit Consulting, DC",Washington,District of Columbia,USA,https://www.facebook.com/events/520875878090896/,Washington District of Columbia USA,-77.0368707,38.9071923,2019,No,NA,NA,NA,NA,NA,NA,Data yet to be received/ Not received
,"Summit Consulting, DC",Washington,District of Columbia,USA,https://www.facebook.com/events/520875878090896/,Washington District of Columbia USA,-77.0368707,38.9071923,2020,No,NA,NA,NA,NA,NA,NA,Data yet to be received/ Not received
,"Summit Consulting, DC",Washington,District of Columbia,USA,https://www.facebook.com/events/520875878090896/,Washington District of Columbia USA,-77.0368707,38.9071923,2021,No,NA,NA,NA,NA,NA,NA,Data yet to be received/ Not received
,"Summit Consulting, DC",Washington,District of Columbia,USA,https://www.facebook.com/events/520875878090896/,Washington District of Columbia USA,-77.0368707,38.9071923,2022,No,NA,NA,NA,NA,NA,NA,Data yet to be received/ Not received
,The University of Notre Dame ,Notre Dame,Indiana,USA,https://datafestnd.weebly.com/,"Notre Dame, Indiana, USA",-86.23539245,41.70557959,2011,No,NA,NA,NA,NA,NA,NA,Data yet to be received/ Not received
,The University of Notre Dame ,Notre Dame,Indiana,USA,https://datafestnd.weebly.com/,"Notre Dame, Indiana, USA",-86.23539245,41.70557959,2012,No,NA,NA,NA,NA,NA,NA,Data yet to be received/ Not received
,The University of Notre Dame ,Notre Dame,Indiana,USA,https://datafestnd.weebly.com/,"Notre Dame, Indiana, USA",-86.23539245,41.70557959,2013,No,NA,NA,NA,NA,NA,NA,Data yet to be received/ Not received
,The University of Notre Dame ,Notre Dame,Indiana,USA,https://datafestnd.weebly.com/,"Notre Dame, Indiana, USA",-86.23539245,41.70557959,2014,No,NA,NA,NA,NA,NA,NA,Data yet to be received/ Not received
,The University of Notre Dame ,Notre Dame,Indiana,USA,https://datafestnd.weebly.com/,"Notre Dame, Indiana, USA",-86.23539245,41.70557959,2015,No,NA,NA,NA,NA,NA,NA,Data yet to be received/ Not received
,The University of Notre Dame ,Notre Dame,Indiana,USA,https://datafestnd.weebly.com/,"Notre Dame, Indiana, USA",-86.23539245,41.70557959,2016,No,NA,NA,NA,NA,NA,NA,Data yet to be received/ Not received
,The University of Notre Dame ,Notre Dame,Indiana,USA,https://datafestnd.weebly.com/,"Notre Dame, Indiana, USA",-86.23539245,41.70557959,2017,No,NA,NA,NA,NA,NA,NA,Data yet to be received/ Not received
,The University of Notre Dame ,Notre Dame,Indiana,USA,https://datafestnd.weebly.com/,"Notre Dame, Indiana, USA",-86.23539245,41.70557959,2018,No,NA,NA,NA,NA,NA,NA,Data yet to be received/ Not received
29/06/22 14:38,The University of Notre Dame ,Notre Dame,Indiana,USA,https://datafestnd.weebly.com/,"Notre Dame, Indiana, USA",-86.23539245,41.70557959,2019,Yes,29,NA,NA,,,,
,The University of Notre Dame ,Notre Dame,Indiana,USA,https://datafestnd.weebly.com/,"Notre Dame, Indiana, USA",-86.23539245,41.70557959,2020,No,NA,NA,NA,NA,NA,NA,
29/06/22 14:38,The University of Notre Dame ,Notre Dame,Indiana,USA,https://datafestnd.weebly.com/,"Notre Dame, Indiana, USA",-86.23539245,41.70557959,2021,Yes,61,NA,NA,,,,
29/06/22 14:38,The University of Notre Dame ,Notre Dame,Indiana,USA,https://datafestnd.weebly.com/,"Notre Dame, Indiana, USA",-86.23539245,41.70557959,2022,Yes,26,NA,NA,,,,
4/25/2017 16:28,UC Berkeley,Berkeley,California,USA,datafest.stat.berkeley.edu,Berkeley California USA,-122.272747,37.8715926,2011,No,NA,NA,NA,NA,NA,NA,
4/25/2017 16:28,UC Berkeley,Berkeley,California,USA,datafest.stat.berkeley.edu,Berkeley California USA,-122.272747,37.8715926,2012,No,NA,NA,NA,NA,NA,NA,
4/25/2017 16:28,UC Berkeley,Berkeley,California,USA,datafest.stat.berkeley.edu,Berkeley California USA,-122.272747,37.8715926,2013,No,NA,NA,NA,NA,NA,NA,
4/25/2017 16:28,UC Berkeley,Berkeley,California,USA,datafest.stat.berkeley.edu,Berkeley California USA,-122.272747,37.8715926,2014,No,NA,NA,NA,NA,NA,NA,
4/25/2017 16:28,UC Berkeley,Berkeley,California,USA,datafest.stat.berkeley.edu,Berkeley California USA,-122.272747,37.8715926,2015,No,NA,NA,NA,NA,NA,NA,
4/25/2017 16:28,UC Berkeley,Berkeley,California,USA,datafest.stat.berkeley.edu,Berkeley California USA,-122.272747,37.8715926,2016,Yes,50,NA,NA,NA,NA,NA,
4/25/2017 16:28,UC Berkeley,Berkeley,California,USA,datafest.stat.berkeley.edu,Berkeley California USA,-122.272747,37.8715926,2017,Yes,50,NA,NA,NA,NA,NA,
4/25/2017 16:28,UC Berkeley,Berkeley,California,USA,datafest.stat.berkeley.edu,Berkeley California USA,-122.272747,37.8715926,2018,No,NA,NA,NA,NA,NA,NA,Data yet to be received/ Not received
4/25/2017 16:28,UC Berkeley,Berkeley,California,USA,datafest.stat.berkeley.edu,Berkeley California USA,-122.272747,37.8715926,2019,No,NA,NA,NA,NA,NA,NA,Data yet to be received/ Not received
4/25/2017 16:28,UC Berkeley,Berkeley,California,USA,datafest.stat.berkeley.edu,Berkeley California USA,-122.272747,37.8715926,2020,No,NA,NA,NA,NA,NA,NA,Data yet to be received/ Not received
4/25/2017 16:28,UC Berkeley,Berkeley,California,USA,datafest.stat.berkeley.edu,Berkeley California USA,-122.272747,37.8715926,2021,No,NA,NA,NA,NA,NA,NA,Data yet to be received/ Not received
4/25/2017 16:28,UC Berkeley,Berkeley,California,USA,datafest.stat.berkeley.edu,Berkeley California USA,-122.272747,37.8715926,2022,No,NA,NA,NA,NA,NA,NA,Data yet to be received/ Not received
4/25/2017 15:25,UCLA,Los Angeles,California,USA,http://datafest.stat.ucla.edu/,Los Angeles California USA,-118.2436849,34.0522342,2011,Yes,30,NA,NA,NA,NA,NA,
4/25/2017 15:25,UCLA,Los Angeles,California,USA,http://datafest.stat.ucla.edu/,Los Angeles California USA,-118.2436849,34.0522342,2012,Yes,75,NA,NA,NA,NA,NA,
4/25/2017 15:25,UCLA,Los Angeles,California,USA,http://datafest.stat.ucla.edu/,Los Angeles California USA,-118.2436849,34.0522342,2013,Yes,110,Pomona College,NA,NA,NA,NA,
4/25/2017 15:25,UCLA,Los Angeles,California,USA,http://datafest.stat.ucla.edu/,Los Angeles California USA,-118.2436849,34.0522342,2014,Yes,200,"Pomona, UCR, USC",NA,NA,NA,NA,
4/25/2017 15:25,UCLA,Los Angeles,California,USA,http://datafest.stat.ucla.edu/,Los Angeles California USA,-118.2436849,34.0522342,2015,Yes,250,"Pomona, Cal Poly SLO, USC, UCR",NA,NA,NA,NA,
4/25/2017 15:25,UCLA,Los Angeles,California,USA,http://datafest.stat.ucla.edu/,Los Angeles California USA,-118.2436849,34.0522342,2016,Yes,300,"Pomona, Cal Poly SLO, USC, UCR",NA,NA,NA,NA,
4/25/2017 15:25,UCLA,Los Angeles,California,USA,http://datafest.stat.ucla.edu/,Los Angeles California USA,-118.2436849,34.0522342,2017,Yes,300,"Pomona, Biola, Cal Poly SLO, UCR",NA,NA,NA,NA,
4/25/2017 15:25,UCLA,Los Angeles,California,USA,http://datafest.stat.ucla.edu/,Los Angeles California USA,-118.2436849,34.0522342,2018,No,NA,NA,NA,NA,NA,NA,Data yet to be received/ Not received
4/25/2017 15:25,UCLA,Los Angeles,California,USA,http://datafest.stat.ucla.edu/,Los Angeles California USA,-118.2436849,34.0522342,2019,No,NA,NA,NA,NA,NA,NA,Data yet to be received/ Not received
4/25/2017 15:25,UCLA,Los Angeles,California,USA,http://datafest.stat.ucla.edu/,Los Angeles California USA,-118.2436849,34.0522342,2020,No,NA,NA,NA,NA,NA,NA,Data yet to be received/ Not received
4/25/2017 15:25,UCLA,Los Angeles,California,USA,http://datafest.stat.ucla.edu/,Los Angeles California USA,-118.2436849,34.0522342,2021,No,NA,NA,NA,NA,NA,NA,Data yet to be received/ Not received
4/25/2017 15:25,UCLA,Los Angeles,California,USA,http://datafest.stat.ucla.edu/,Los Angeles California USA,-118.2436849,34.0522342,2022,No,NA,NA,NA,NA,NA,NA,Data yet to be received/ Not received
4/26/2017 13:57,University of Mannheim,Mannheim,NA,Germany,http://datafest.de/,Mannheim NA Germany,8.4660395,49.4874592,2011,No,NA,NA,NA,NA,NA,NA,
4/26/2017 13:57,University of Mannheim,Mannheim,NA,Germany,http://datafest.de/,Mannheim NA Germany,8.4660395,49.4874592,2012,No,NA,NA,NA,NA,NA,NA,
4/26/2017 13:57,University of Mannheim,Mannheim,NA,Germany,http://datafest.de/,Mannheim NA Germany,8.4660395,49.4874592,2013,No,NA,NA,NA,NA,NA,NA,
4/26/2017 13:57,University of Mannheim,Mannheim,NA,Germany,http://datafest.de/,Mannheim NA Germany,8.4660395,49.4874592,2014,No,NA,NA,NA,NA,NA,NA,
4/26/2017 13:57,University of Mannheim,Mannheim,NA,Germany,http://datafest.de/,Mannheim NA Germany,8.4660395,49.4874592,2015,Yes,80,LMU Munich,NA,NA,NA,NA,
4/26/2017 13:57,University of Mannheim,Mannheim,NA,Germany,http://datafest.de/,Mannheim NA Germany,8.4660395,49.4874592,2016,Yes,90,LMU Munich,NA,NA,NA,NA,
4/26/2017 13:57,University of Mannheim,Mannheim,NA,Germany,http://datafest.de/,Mannheim NA Germany,8.4660395,49.4874592,2017,Yes,80,NA,NA,NA,NA,NA,
4/26/2017 13:57,University of Mannheim,Mannheim,NA,Germany,http://datafest.de/,Mannheim NA Germany,8.4660395,49.4874592,2018,No,NA,NA,NA,NA,NA,NA,Data yet to be received/ Not received
4/26/2017 13:57,University of Mannheim,Mannheim,NA,Germany,http://datafest.de/,Mannheim NA Germany,8.4660395,49.4874592,2019,No,NA,NA,NA,NA,NA,NA,Data yet to be received/ Not received
4/26/2017 13:57,University of Mannheim,Mannheim,NA,Germany,http://datafest.de/,Mannheim NA Germany,8.4660395,49.4874592,2020,No,NA,NA,NA,NA,NA,NA,Data yet to be received/ Not received
4/26/2017 13:57,University of Mannheim,Mannheim,NA,Germany,http://datafest.de/,Mannheim NA Germany,8.4660395,49.4874592,2021,No,NA,NA,NA,NA,NA,NA,Data yet to be received/ Not received
4/26/2017 13:57,University of Mannheim,Mannheim,NA,Germany,http://datafest.de/,Mannheim NA Germany,8.4660395,49.4874592,2022,No,NA,NA,NA,NA,NA,NA,Data yet to be received/ Not received
4/25/2017 21:46,University of Massachusets,Amherst,Massachusetts,USA,http://www.science.smith.edu/datafest/,Amherst Massachusetts USA,-72.5198537,42.3732216,2011,No,NA,NA,NA,NA,NA,NA,
4/25/2017 21:46,University of Massachusets,Amherst,Massachusetts,USA,http://www.science.smith.edu/datafest/,Amherst Massachusetts USA,-72.5198537,42.3732216,2012,No,NA,NA,NA,NA,NA,NA,
4/25/2017 21:46,University of Massachusets,Amherst,Massachusetts,USA,http://www.science.smith.edu/datafest/,Amherst Massachusetts USA,-72.5198537,42.3732216,2013,No,NA,NA,NA,NA,NA,NA,
4/25/2017 21:46,University of Massachusets,Amherst,Massachusetts,USA,http://www.science.smith.edu/datafest/,Amherst Massachusetts USA,-72.5198537,42.3732216,2014,Yes,79,"Amherst, Hampshire, Mt. Holyoke, Smith Colleges",NA,NA,NA,NA,
4/25/2017 21:46,University of Massachusets,Amherst,Massachusetts,USA,http://www.science.smith.edu/datafest/,Amherst Massachusetts USA,-72.5198537,42.3732216,2015,Yes,82,"Amherst, Hampshire, Mt. Holyoke, Smith College",NA,NA,NA,NA,
4/25/2017 21:46,University of Massachusets,Amherst,Massachusetts,USA,http://www.science.smith.edu/datafest/,Amherst Massachusetts USA,-72.5198537,42.3732216,2016,Yes,123,"Amherst, Hampshire, Mt. Holyoke, Smith Colleges",NA,NA,NA,NA,
4/25/2017 21:46,University of Massachusets,Amherst,Massachusetts,USA,http://www.science.smith.edu/datafest/,Amherst Massachusetts USA,-72.5198537,42.3732216,2017,Yes,142,"Amherst, Hampshire, Mt. Holyoke, Smith Colleges",NA,NA,NA,NA,
,University of Massachusets,Amherst,Massachusetts,USA,http://www.science.smith.edu/datafest/,Amherst Massachusetts USA,-72.5198537,42.3732216,2018,No,NA,NA,NA,NA,NA,NA,Data yet to be received/ Not received
,University of Massachusets,Amherst,Massachusetts,USA,http://www.science.smith.edu/datafest/,Amherst Massachusetts USA,-72.5198537,42.3732216,2019,No,NA,NA,NA,NA,NA,NA,Data yet to be received/ Not received
,University of Massachusets,Amherst,Massachusetts,USA,http://www.science.smith.edu/datafest/,Amherst Massachusetts USA,-72.5198537,42.3732216,2020,No,NA,NA,NA,NA,NA,NA,Data yet to be received/ Not received
,University of Massachusets,Amherst,Massachusetts,USA,http://www.science.smith.edu/datafest/,Amherst Massachusetts USA,-72.5198537,42.3732216,2021,No,NA,NA,NA,NA,NA,NA,Data yet to be received/ Not received
,University of Massachusets,Amherst,Massachusetts,USA,http://www.science.smith.edu/datafest/,Amherst Massachusetts USA,-72.5198537,42.3732216,2022,No,NA,NA,NA,NA,NA,NA,Data yet to be received/ Not received
4/25/2017 15:28,University of Missouri,Columbia,Missouri,USA,NA,Columbia Missouri USA,-92.3340724,38.9517053,2011,No,NA,NA,NA,NA,NA,NA,
4/25/2017 15:28,University of Missouri,Columbia,Missouri,USA,NA,Columbia Missouri USA,-92.3340724,38.9517053,2012,No,NA,NA,NA,NA,NA,NA,
4/25/2017 15:28,University of Missouri,Columbia,Missouri,USA,NA,Columbia Missouri USA,-92.3340724,38.9517053,2013,No,NA,NA,NA,NA,NA,NA,
4/25/2017 15:28,University of Missouri,Columbia,Missouri,USA,NA,Columbia Missouri USA,-92.3340724,38.9517053,2014,No,NA,NA,NA,NA,NA,NA,
4/25/2017 15:28,University of Missouri,Columbia,Missouri,USA,NA,Columbia Missouri USA,-92.3340724,38.9517053,2015,No,NA,NA,NA,NA,NA,NA,
4/25/2017 15:28,University of Missouri,Columbia,Missouri,USA,NA,Columbia Missouri USA,-92.3340724,38.9517053,2016,No,NA,NA,NA,NA,NA,NA,
4/25/2017 15:28,University of Missouri,Columbia,Missouri,USA,NA,Columbia Missouri USA,-92.3340724,38.9517053,2017,Yes,20,NA,NA,NA,NA,NA,
4/25/2017 21:55,University of New Mexico,Albuquerque,New Mexico,USA,http://math.unm.edu/news-events/events/asa-datafest,Albuquerque New Mexico USA,-106.6055534,35.0853336,2011,No,NA,NA,NA,NA,NA,NA,
4/25/2017 21:55,University of New Mexico,Albuquerque,New Mexico,USA,http://math.unm.edu/news-events/events/asa-datafest,Albuquerque New Mexico USA,-106.6055534,35.0853336,2012,No,NA,NA,NA,NA,NA,NA,
4/25/2017 21:55,University of New Mexico,Albuquerque,New Mexico,USA,http://math.unm.edu/news-events/events/asa-datafest,Albuquerque New Mexico USA,-106.6055534,35.0853336,2013,No,NA,NA,NA,NA,NA,NA,
4/25/2017 21:55,University of New Mexico,Albuquerque,New Mexico,USA,http://math.unm.edu/news-events/events/asa-datafest,Albuquerque New Mexico USA,-106.6055534,35.0853336,2014,No,NA,NA,NA,NA,NA,NA,
4/25/2017 21:55,University of New Mexico,Albuquerque,New Mexico,USA,http://math.unm.edu/news-events/events/asa-datafest,Albuquerque New Mexico USA,-106.6055534,35.0853336,2015,No,NA,NA,NA,NA,NA,NA,
4/25/2017 21:55,University of New Mexico,Albuquerque,New Mexico,USA,http://math.unm.edu/news-events/events/asa-datafest,Albuquerque New Mexico USA,-106.6055534,35.0853336,2016,No,NA,NA,NA,NA,NA,NA,
4/25/2017 21:55,University of New Mexico,Albuquerque,New Mexico,USA,http://math.unm.edu/news-events/events/asa-datafest,Albuquerque New Mexico USA,-106.6055534,35.0853336,2017,Yes,14,NA,Math & Stat 8; Psychology 1; Engineering 4; English 1,Vizards,The Tchebby Tchasers,The Most Squares Problem,
5/29/2022 13:57,University of New Mexico,Albuquerque,New Mexico,USA,http://tinyurl.com/ASA-DataFest-UNM-2017,"Albuquerque, NM",-106.5781,35.1131,2018,Yes,NA,NA,NA,NA,NA,NA,
5/29/2022 13:57,University of New Mexico,Albuquerque,New Mexico,USA,http://tinyurl.com/ASA-DataFest-UNM-2017,"Albuquerque, NM",-106.5781,35.1131,2019,Yes,NA,NA,NA,NA,NA,NA,
5/29/2022 13:57,University of New Mexico,Albuquerque,New Mexico,USA,http://tinyurl.com/ASA-DataFest-UNM-2017,"Albuquerque, NM",-106.5781,35.1131,2020,Yes,NA,NA,NA,NA,NA,NA,
5/29/2022 13:57,University of New Mexico,Albuquerque,New Mexico,USA,http://tinyurl.com/ASA-DataFest-UNM-2017,"Albuquerque, NM",-106.5781,35.1131,2021,Yes,NA,NA,NA,NA,NA,NA,
5/29/2022 13:57,University of New Mexico,Albuquerque,New Mexico,USA,http://tinyurl.com/ASA-DataFest-UNM-2017,"Albuquerque, NM",-106.5781,35.1131,2022,Yes,NA,NA,NA,NA,NA,NA,
NA,University of Toronto,Toronto,Ontario,Canada,https://utorontodatafest.wordpress.com/,Toronto Ontario Canada,-79.3831843,43.653226,2011,No,NA,NA,NA,NA,NA,NA,
NA,University of Toronto,Toronto,Ontario,Canada,https://utorontodatafest.wordpress.com/,Toronto Ontario Canada,-79.3831843,43.653226,2012,No,NA,NA,NA,NA,NA,NA,
NA,University of Toronto,Toronto,Ontario,Canada,https://utorontodatafest.wordpress.com/,Toronto Ontario Canada,-79.3831843,43.653226,2013,No,NA,NA,NA,NA,NA,NA,
NA,University of Toronto,Toronto,Ontario,Canada,https://utorontodatafest.wordpress.com/,Toronto Ontario Canada,-79.3831843,43.653226,2014,No,NA,NA,NA,NA,NA,NA,
NA,University of Toronto,Toronto,Ontario,Canada,https://utorontodatafest.wordpress.com/,Toronto Ontario Canada,-79.3831843,43.653226,2015,No,NA,NA,NA,NA,NA,NA,
NA,University of Toronto,Toronto,Ontario,Canada,https://utorontodatafest.wordpress.com/,Toronto Ontario Canada,-79.3831843,43.653226,2016,No,NA,NA,NA,NA,NA,NA,
NA,University of Toronto,Toronto,Ontario,Canada,https://utorontodatafest.wordpress.com/,Toronto Ontario Canada,-79.3831843,43.653226,2017,Yes,40,NA,NA,NA,NA,NA,
5/27/2022 9:45,University of Toronto,Toronto,Ontario,Canada,https://utorontodatafest.wordpress.com/datafest-2021/,"Toronto, Canada",-79.8709,43.4327,2018,Yes,NA,NA,NA,NA,NA,NA,
5/27/2022 9:45,University of Toronto,Toronto,Ontario,Canada,https://utorontodatafest.wordpress.com/datafest-2021/,"Toronto, Canada",-79.8709,43.4327,2019,Yes,NA,NA,NA,NA,NA,NA,
5/27/2022 9:45,University of Toronto,Toronto,Ontario,Canada,https://utorontodatafest.wordpress.com/datafest-2021/,"Toronto, Canada",-79.8709,43.4327,2020,Yes,NA,NA,NA,NA,NA,NA,
5/27/2022 9:45,University of Toronto,Toronto,Ontario,Canada,https://utorontodatafest.wordpress.com/datafest-2021/,"Toronto, Canada",-79.8709,43.4327,2021,Yes,60,"University of Toronto (Mississauga campus, Scarborough campus, and St. George campus)",Statistics & Data Science,Statistical Analysis and Presentation on Drug Misuses,Can Money Buy Happiness?,An Analysis of Demographic Patterns and Frequent Combinations of Drug Misuse in Canada,
5/27/2022 9:45,University of Toronto,Toronto,Ontario,Canada,https://utorontodatafest.wordpress.com/datafest-2021/,"Toronto, Canada",-79.8709,43.4327,2022,Yes,100,"University of Toronto (Mississauga campus, Scarborough campus, and St. George campus)",Statistics & Data Science,Elm City Stories Analysis,PLAY2PREVENT Game Data Analysis,A Demonstration on the Methods of Exploring the Play2Event Game Data (Best Statistical Analysis),
4/26/2017 15:13,University of Virginia,Charlottesville,Virginia,USA,http://datafest.virginia.edu/,Charlottesville Virginia USA,-78.4766781,38.0293059,2011,No,NA,NA,NA,NA,NA,NA,
4/26/2017 15:13,University of Virginia,Charlottesville,Virginia,USA,http://datafest.virginia.edu/,Charlottesville Virginia USA,-78.4766781,38.0293059,2012,No,NA,NA,NA,NA,NA,NA,
4/26/2017 15:13,University of Virginia,Charlottesville,Virginia,USA,http://datafest.virginia.edu/,Charlottesville Virginia USA,-78.4766781,38.0293059,2013,No,NA,NA,NA,NA,NA,NA,
4/26/2017 15:13,University of Virginia,Charlottesville,Virginia,USA,http://datafest.virginia.edu/,Charlottesville Virginia USA,-78.4766781,38.0293059,2014,No,NA,NA,NA,NA,NA,NA,
4/26/2017 15:13,University of Virginia,Charlottesville,Virginia,USA,http://datafest.virginia.edu/,Charlottesville Virginia USA,-78.4766781,38.0293059,2015,No,NA,NA,NA,NA,NA,NA,
4/26/2017 15:13,University of Virginia,Charlottesville,Virginia,USA,http://datafest.virginia.edu/,Charlottesville Virginia USA,-78.4766781,38.0293059,2016,Yes,60,NA,NA,NA,NA,NA,
4/26/2017 15:13,University of Virginia,Charlottesville,Virginia,USA,http://datafest.virginia.edu/,Charlottesville Virginia USA,-78.4766781,38.0293059,2017,No,NA,NA,NA,NA,NA,NA,
,University of Virginia,Charlottesville,Virginia,USA,http://datafest.virginia.edu/,Charlottesville Virginia USA,-78.4766781,38.0293059,2018,No,NA,NA,NA,NA,NA,NA,Data yet to be received
,University of Virginia,Charlottesville,Virginia,USA,http://datafest.virginia.edu/,Charlottesville Virginia USA,-78.4766781,38.0293059,2019,No,NA,NA,NA,NA,NA,NA,Data yet to be received
,University of Virginia,Charlottesville,Virginia,USA,http://datafest.virginia.edu/,Charlottesville Virginia USA,-78.4766781,38.0293059,2020,No,NA,NA,NA,NA,NA,NA,Data yet to be received
,University of Virginia,Charlottesville,Virginia,USA,http://datafest.virginia.edu/,Charlottesville Virginia USA,-78.4766781,38.0293059,2021,No,NA,NA,NA,NA,NA,NA,Data yet to be received
,University of Virginia,Charlottesville,Virginia,USA,http://datafest.virginia.edu/,Charlottesville Virginia USA,-78.4766781,38.0293059,2020,No,NA,NA,NA,NA,NA,NA,Data yet to be received
4/25/2017 14:28,Vassar College,Arlington,New York,USA,http://pages.vassar.edu/datafest/,Arlington New York USA,-73.8968025,41.6959269,2011,No,NA,NA,NA,NA,NA,NA,
4/25/2017 14:28,Vassar College,Arlington,New York,USA,http://pages.vassar.edu/datafest/,Arlington New York USA,-73.8968025,41.6959269,2012,No,NA,NA,NA,NA,NA,NA,
4/25/2017 14:28,Vassar College,Arlington,New York,USA,http://pages.vassar.edu/datafest/,Arlington New York USA,-73.8968025,41.6959269,2013,No,NA,NA,NA,NA,NA,NA,
4/25/2017 14:28,Vassar College,Arlington,New York,USA,http://pages.vassar.edu/datafest/,Arlington New York USA,-73.8968025,41.6959269,2014,No,NA,NA,NA,NA,NA,NA,
4/25/2017 14:28,Vassar College,Arlington,New York,USA,http://pages.vassar.edu/datafest/,Arlington New York USA,-73.8968025,41.6959269,2015,No,NA,NA,NA,NA,NA,NA,
4/25/2017 14:28,Vassar College,Arlington,New York,USA,http://pages.vassar.edu/datafest/,Arlington New York USA,-73.8968025,41.6959269,2016,Yes,43,NA,Mathematics and Statistics; Computer Science; Economics,NA,NA,NA,
4/25/2017 14:28,Vassar College,Arlington,New York,USA,http://pages.vassar.edu/datafest/,Arlington New York USA,-73.8968025,41.6959269,2017,Yes,79,"Marist College, Colgate University",Mathematics and Statistics; Computer Science; Economics,NA,NA,NA,
,Vassar College,Arlington,New York,USA,http://pages.vassar.edu/datafest/,Arlington New York USA,-73.8968025,41.6959269,2018,Yes,70,Marist College,Mathematics and Statistics; Computer Science; Economics,NA,NA,NA,
,Vassar College,Arlington,New York,USA,http://pages.vassar.edu/datafest/,Arlington New York USA,-73.8968025,41.6959269,2019,Yes,59,Marist College,Mathematics and Statistics; Computer Science; Economics; Applied Mathematics; Political Science; Biology; Psychological Science; Biochemistry; Chemistry; Math Education; Urban Studies; Science Technology and Society,,NA,NA,
,Vassar College,Arlington,New York,USA,http://pages.vassar.edu/datafest/,Arlington New York USA,-73.8968025,41.6959269,2020,Yes,67,Marist College,Mathematics and Statistics; Computer Science; Economics,NA,NA,NA,
,Vassar College,Arlington,New York,USA,http://pages.vassar.edu/datafest/,Arlington New York USA,-73.8968025,41.6959269,2021,Yes,37,Marist College,Mathematics and Statistics; Computer Science; Economics,NA,NA,NA,
,Vassar College,Arlington,New York,USA,http://pages.vassar.edu/datafest/,Arlington New York USA,-73.8968025,41.6959269,2022,Yes,37,Marist College,Mathematics and Statistics; Computer Science; Economics,"Data Farmers (Daniel, Kishan, Huaihan, Jocelyn, and Orcun) for an impressive statistical model with appropriate interpretations","Taconic Parkway (Dazheng, Yixiao, and Shunji) for their graphical presentation of the data structure","Loud ‘N Cloud (Augusto, Veronica, Jonny, Jack, and Mason) for developing a novel metric",
4/27/2017 9:59,Virginia Tech,Blacksburg,Virginia,USA,http://www.stat.vt.edu/Academics/undergraduate/VTdatafest.html,Blacksburg Virginia USA,-80.4139393,37.2295733,2011,No,NA,NA,NA,NA,NA,NA,
4/27/2017 9:59,Virginia Tech,Blacksburg,Virginia,USA,http://www.stat.vt.edu/Academics/undergraduate/VTdatafest.html,Blacksburg Virginia USA,-80.4139393,37.2295733,2012,No,NA,NA,NA,NA,NA,NA,
4/27/2017 9:59,Virginia Tech,Blacksburg,Virginia,USA,http://www.stat.vt.edu/Academics/undergraduate/VTdatafest.html,Blacksburg Virginia USA,-80.4139393,37.2295733,2013,No,NA,NA,NA,NA,NA,NA,
4/27/2017 9:59,Virginia Tech,Blacksburg,Virginia,USA,http://www.stat.vt.edu/Academics/undergraduate/VTdatafest.html,Blacksburg Virginia USA,-80.4139393,37.2295733,2014,No,NA,NA,NA,NA,NA,NA,
4/27/2017 9:59,Virginia Tech,Blacksburg,Virginia,USA,http://www.stat.vt.edu/Academics/undergraduate/VTdatafest.html,Blacksburg Virginia USA,-80.4139393,37.2295733,2015,No,NA,NA,NA,NA,NA,NA,
4/27/2017 9:59,Virginia Tech,Blacksburg,Virginia,USA,http://www.stat.vt.edu/Academics/undergraduate/VTdatafest.html,Blacksburg Virginia USA,-80.4139393,37.2295733,2016,Yes,30,NA,NA,NA,NA,NA,
4/27/2017 9:59,Virginia Tech,Blacksburg,Virginia,USA,http://www.stat.vt.edu/Academics/undergraduate/VTdatafest.html,Blacksburg Virginia USA,-80.4139393,37.2295733,2017,Yes,60,NA,NA,NA,NA,NA,
,Virginia Tech,Blacksburg,Virginia,USA,http://www.stat.vt.edu/Academics/undergraduate/VTdatafest.html,Blacksburg Virginia USA,-80.4139393,37.2295733,2018,No,NA,NA,NA,NA,NA,NA,Data yet to be received
,Virginia Tech,Blacksburg,Virginia,USA,http://www.stat.vt.edu/Academics/undergraduate/VTdatafest.html,Blacksburg Virginia USA,-80.4139393,37.2295733,2019,No,NA,NA,NA,NA,NA,NA,Data yet to be received
,Virginia Tech,Blacksburg,Virginia,USA,http://www.stat.vt.edu/Academics/undergraduate/VTdatafest.html,Blacksburg Virginia USA,-80.4139393,37.2295733,2020,No,NA,NA,NA,NA,NA,NA,Data yet to be received
,Virginia Tech,Blacksburg,Virginia,USA,http://www.stat.vt.edu/Academics/undergraduate/VTdatafest.html,Blacksburg Virginia USA,-80.4139393,37.2295733,2021,No,NA,NA,NA,NA,NA,NA,Data yet to be received
,Virginia Tech,Blacksburg,Virginia,USA,http://www.stat.vt.edu/Academics/undergraduate/VTdatafest.html,Blacksburg Virginia USA,-80.4139393,37.2295733,2020,No,NA,NA,NA,NA,NA,NA,Data yet to be received
4/25/2017 14:35,Wellesley College,Wellesley,Massachusetts,USA,http://www.wellesley.edu/qai/bowdatafest#ElLUAcl0AQjOi29H.97,Wellesley Massachusetts USA,-71.2923877,42.296797,2011,No,NA,NA,NA,NA,NA,NA,
4/25/2017 14:35,Wellesley College,Wellesley,Massachusetts,USA,http://www.wellesley.edu/qai/bowdatafest#ElLUAcl0AQjOi29H.97,Wellesley Massachusetts USA,-71.2923877,42.296797,2012,No,NA,NA,NA,NA,NA,NA,
4/25/2017 14:35,Wellesley College,Wellesley,Massachusetts,USA,http://www.wellesley.edu/qai/bowdatafest#ElLUAcl0AQjOi29H.97,Wellesley Massachusetts USA,-71.2923877,42.296797,2013,No,NA,NA,NA,NA,NA,NA,
4/25/2017 14:35,Wellesley College,Wellesley,Massachusetts,USA,http://www.wellesley.edu/qai/bowdatafest#ElLUAcl0AQjOi29H.97,Wellesley Massachusetts USA,-71.2923877,42.296797,2014,No,NA,NA,NA,NA,NA,NA,
4/25/2017 14:35,Wellesley College,Wellesley,Massachusetts,USA,http://www.wellesley.edu/qai/bowdatafest#ElLUAcl0AQjOi29H.97,Wellesley Massachusetts USA,-71.2923877,42.296797,2015,No,NA,NA,NA,NA,NA,NA,
4/25/2017 14:35,Wellesley College,Wellesley,Massachusetts,USA,http://www.wellesley.edu/qai/bowdatafest#ElLUAcl0AQjOi29H.97,Wellesley Massachusetts USA,-71.2923877,42.296797,2016,Yes,30,"Babson, Olin",NA,NA,NA,NA,
4/25/2017 14:35,Wellesley College,Wellesley,Massachusetts,USA,http://www.wellesley.edu/qai/bowdatafest#ElLUAcl0AQjOi29H.97,Wellesley Massachusetts USA,-71.2923877,42.296797,2017,No,NA,NA,NA,NA,NA,NA,
,Wellesley College,Wellesley,Massachusetts,USA,http://www.wellesley.edu/qai/bowdatafest#ElLUAcl0AQjOi29H.97,Wellesley Massachusetts USA,-71.2923877,42.296797,2018,No,NA,NA,NA,NA,NA,NA,Data yet to be received
,Wellesley College,Wellesley,Massachusetts,USA,http://www.wellesley.edu/qai/bowdatafest#ElLUAcl0AQjOi29H.97,Wellesley Massachusetts USA,-71.2923877,42.296797,2019,No,NA,NA,NA,NA,NA,NA,Data yet to be received
,Wellesley College,Wellesley,Massachusetts,USA,http://www.wellesley.edu/qai/bowdatafest#ElLUAcl0AQjOi29H.97,Wellesley Massachusetts USA,-71.2923877,42.296797,2020,No,NA,NA,NA,NA,NA,NA,Data yet to be received
,Wellesley College,Wellesley,Massachusetts,USA,http://www.wellesley.edu/qai/bowdatafest#ElLUAcl0AQjOi29H.97,Wellesley Massachusetts USA,-71.2923877,42.296797,2021,No,NA,NA,NA,NA,NA,NA,Data yet to be received
,Wellesley College,Wellesley,Massachusetts,USA,http://www.wellesley.edu/qai/bowdatafest#ElLUAcl0AQjOi29H.97,Wellesley Massachusetts USA,-71.2923877,42.296797,2022,No,NA,NA,NA,NA,NA,NA,Data yet to be received
4/25/2017 14:37,Wesleyan University,Middletown,Connecticut,USA,http://datafest.blogs.wesleyan.edu/,Middletown Connecticut USA,-72.6506488,41.5623209,2011,No,NA,NA,NA,NA,NA,NA,Data yet to be received
4/25/2017 14:37,Wesleyan University,Middletown,Connecticut,USA,http://datafest.blogs.wesleyan.edu/,Middletown Connecticut USA,-72.6506488,41.5623209,2012,No,NA,NA,NA,NA,NA,NA,Data yet to be received
4/25/2017 14:37,Wesleyan University,Middletown,Connecticut,USA,http://datafest.blogs.wesleyan.edu/,Middletown Connecticut USA,-72.6506488,41.5623209,2013,No,NA,NA,NA,NA,NA,NA,
4/25/2017 14:37,Wesleyan University,Middletown,Connecticut,USA,http://datafest.blogs.wesleyan.edu/,Middletown Connecticut USA,-72.6506488,41.5623209,2014,No,NA,NA,NA,NA,NA,NA,
4/25/2017 14:37,Wesleyan University,Middletown,Connecticut,USA,http://datafest.blogs.wesleyan.edu/,Middletown Connecticut USA,-72.6506488,41.5623209,2015,No,NA,NA,NA,NA,NA,NA,
4/25/2017 14:37,Wesleyan University,Middletown,Connecticut,USA,http://datafest.blogs.wesleyan.edu/,Middletown Connecticut USA,-72.6506488,41.5623209,2016,Yes,50,"University of Connecticut, Connecticut College, Trinity College, Yale University",NA,NA,NA,NA,
4/25/2017 14:37,Wesleyan University,Middletown,Connecticut,USA,http://datafest.blogs.wesleyan.edu/,Middletown Connecticut USA,-72.6506488,41.5623209,2017,Yes,75,"University of Connecticut, Connecticut College, Trinity College, Yale University, Lafayette College",NA,NA,NA,NA,
,Wesleyan University,Middletown,Connecticut,USA,http://datafest.blogs.wesleyan.edu/,Middletown Connecticut USA,-72.6506488,41.5623209,2018,No,NA,NA,NA,NA,NA,NA,Data yet to be received
,Wesleyan University,Middletown,Connecticut,USA,http://datafest.blogs.wesleyan.edu/,Middletown Connecticut USA,-72.6506488,41.5623209,2019,No,NA,NA,NA,NA,NA,NA,Data yet to be received
,Wesleyan University,Middletown,Connecticut,USA,http://datafest.blogs.wesleyan.edu/,Middletown Connecticut USA,-72.6506488,41.5623209,2020,No,NA,NA,NA,NA,NA,NA,Data yet to be received
,Wesleyan University,Middletown,Connecticut,USA,http://datafest.blogs.wesleyan.edu/,Middletown Connecticut USA,-72.6506488,41.5623209,2021,No,NA,NA,NA,NA,NA,NA,Data yet to be received
,Wesleyan University,Middletown,Connecticut,USA,http://datafest.blogs.wesleyan.edu/,Middletown Connecticut USA,-72.6506488,41.5623209,2022,No,NA,NA,NA,NA,NA,NA,Data yet to be received
,University of Missouri,Columbia,Missouri,USA,NA,Columbia Missouri USA,-92.3340724,38.9517053,2018,No,NA,NA,NA,NA,NA,NA,Data yet to be received/ Not received
,University of Missouri,Columbia,Missouri,USA,NA,Columbia Missouri USA,-92.3340724,38.9517053,2019,No,NA,NA,NA,NA,NA,NA,Data yet to be received/ Not received
,University of Missouri,Columbia,Missouri,USA,NA,Columbia Missouri USA,-92.3340724,38.9517053,2020,No,NA,NA,NA,NA,NA,NA,Data yet to be received/ Not received
,University of Missouri,Columbia,Missouri,USA,NA,Columbia Missouri USA,-92.3340724,38.9517053,2021,No,NA,NA,NA,NA,NA,NA,Data yet to be received/ Not received
,University of Missouri,Columbia,Missouri,USA,NA,Columbia Missouri USA,-92.3340724,38.9517053,2022,No,NA,NA,NA,NA,NA,NA,Data yet to be received/ Not received